service_id,car_serial_number,model_id,staff_id,service_date,service_type,cost
SV00001,CSN-KCSo-56657,M013,S0201,2024-02-08,Inspection,1491.13
SV00002,CSN-osBF-29006,M016,S0632,2022-10-05,Tire Change,1092.24
SV00003,CSN-PgvT-03791,M021,S0473,2023-10-16,Tire Change,358.07
SV00004,CSN-tJIx-48239,M044,S0962,2023-03-04,Tire Change,341.13
SV00005,CSN-nKWr-82658,M042,S0209,2022-10-23,Routine Maintenance,1361.55
SV00006,CSN-eLbw-56797,M014,S0553,2023-07-20,Battery Replacement,1101.6
SV00007,CSN-lOGN-53613,M024,S0274,2023-05-04,Tire Change,1642.11
SV00008,CSN-rmlh-53164,M027,S0970,2024-01-15,Battery Replacement,1682.91
SV00009,CSN-qJtR-00167,M042,S0526,2023-08-08,Routine Maintenance,1051.51
SV00010,CSN-sdKG-28022,M005,S0503,2023-08-09,Repair,1258.18
SV00011,CSN-ArlE-43643,M043,S0500,2023-09-26,Battery Replacement,1558.83
SV00012,CSN-Qfuu-92484,M002,S0877,2022-05-27,Repair,178.43
SV00013,CSN-nYeE-20093,M023,S0900,2023-09-20,Routine Maintenance,650.54
SV00014,CSN-iIpP-73102,M020,S0299,2023-09-08,Inspection,1916.95
SV00015,CSN-DXKx-99251,M028,S0331,2022-06-23,Tire Change,545.74
SV00016,CSN-kYKN-16689,M014,S0152,2022-10-31,Inspection,904.82
SV00017,CSN-LMKn-96304,M008,S0095,2023-11-03,Inspection,1449.36
SV00018,CSN-aRyt-68457,M012,S0557,2023-11-01,Inspection,1629.23
SV00019,CSN-sqAV-42642,M004,S0573,2022-10-07,Routine Maintenance,1920.68
SV00020,CSN-mVVs-19862,M009,S0468,2023-03-30,Inspection,907.72
SV00021,CSN-MScC-95032,M021,S0989,2023-11-20,Inspection,1024.79
SV00022,CSN-mMQx-39305,M003,S0925,2023-10-04,Repair,707.6
SV00023,CSN-zRaW-26922,M050,S0782,2022-06-03,Repair,279.03
SV00024,CSN-ZjVf-19016,M041,S0874,2023-10-01,Inspection,1404.2
SV00025,CSN-mjat-26604,M023,S0578,2023-04-23,Battery Replacement,1868.59
SV00026,CSN-xqpi-83821,M034,S0059,2023-12-07,Inspection,1465.11
SV00027,CSN-NWsu-24881,M024,S0890,2023-07-04,Tire Change,750.77
SV00028,CSN-Pgrh-35992,M050,S0204,2022-12-23,Inspection,1808.29
SV00029,CSN-eppL-81343,M006,S0177,2022-09-26,Routine Maintenance,465.0
SV00030,CSN-FFyr-42392,M042,S0239,2023-05-22,Repair,693.27
SV00031,CSN-sZfN-87199,M036,S0296,2022-09-19,Tire Change,1021.68
SV00032,CSN-MLTt-50848,M025,S0454,2023-05-08,Tire Change,835.37
SV00033,CSN-lJHV-97069,M040,S0741,2023-07-21,Repair,1407.15
SV00034,CSN-PtmH-44388,M014,S0682,2023-05-24,Repair,698.45
SV00035,CSN-nOOO-96873,M020,S0415,2023-09-23,Inspection,943.2
SV00036,CSN-IxWS-54642,M013,S0776,2022-08-19,Routine Maintenance,1275.98
SV00037,CSN-ynrO-31791,M013,S0858,2023-10-31,Tire Change,1371.01
SV00038,CSN-eFIq-78886,M012,S0071,2022-08-09,Repair,1172.11
SV00039,CSN-dDoG-51452,M046,S0241,2022-10-22,Battery Replacement,1489.2
SV00040,CSN-Zuhy-61041,M005,S0148,2023-11-15,Routine Maintenance,1230.41
SV00041,CSN-dJCj-13427,M007,S0852,2022-09-03,Routine Maintenance,1560.97
SV00042,CSN-CxfQ-75449,M030,S0545,2024-02-01,Inspection,601.24
SV00043,CSN-wjII-57677,M023,S0735,2023-09-18,Routine Maintenance,873.17
SV00044,CSN-SLER-43909,M046,S0277,2022-08-02,Routine Maintenance,1979.69
SV00045,CSN-tVeV-42676,M013,S0510,2022-03-30,Inspection,236.31
SV00046,CSN-wFMS-49928,M028,S0920,2022-11-03,Battery Replacement,1305.52
SV00047,CSN-ByVG-06701,M021,S0833,2022-05-20,Tire Change,536.61
SV00048,CSN-OFZn-39011,M006,S0018,2022-10-22,Tire Change,1356.22
SV00049,CSN-UuDy-53628,M040,S0897,2022-04-27,Inspection,1727.74
SV00050,CSN-AumC-17296,M020,S0146,2023-11-11,Routine Maintenance,1962.13
SV00051,CSN-fyqe-91021,M040,S0076,2022-10-03,Inspection,1553.72
SV00052,CSN-eqSq-99055,M007,S0717,2024-01-20,Inspection,1311.07
SV00053,CSN-WazY-60942,M036,S0092,2023-08-20,Tire Change,265.47
SV00054,CSN-pNRL-67969,M006,S0356,2023-07-18,Repair,1953.71
SV00055,CSN-sTXS-25397,M007,S0806,2023-05-09,Routine Maintenance,932.25
SV00056,CSN-UCKu-24114,M012,S0667,2023-08-14,Inspection,1050.08
SV00057,CSN-lzdE-61100,M049,S0690,2023-10-21,Routine Maintenance,942.81
SV00058,CSN-rSdl-32925,M030,S0429,2024-01-26,Inspection,420.51
SV00059,CSN-HwxQ-85628,M045,S0715,2023-08-15,Battery Replacement,1420.72
SV00060,CSN-aYyf-67459,M034,S0845,2022-10-27,Tire Change,1356.22
SV00061,CSN-zfPp-21008,M030,S0262,2022-10-24,Inspection,1675.5
SV00062,CSN-bNdq-71902,M042,S0358,2023-09-12,Inspection,795.9
SV00063,CSN-VJZc-96940,M018,S0862,2022-09-05,Battery Replacement,453.12
SV00064,CSN-bwfr-50687,M005,S0312,2023-11-19,Tire Change,1968.85
SV00065,CSN-wyYG-05239,M018,S0286,2022-11-24,Tire Change,202.93
SV00066,CSN-duqc-98000,M033,S0818,2023-10-28,Routine Maintenance,488.25
SV00067,CSN-ROhV-18103,M049,S0311,2022-09-30,Repair,953.86
SV00068,CSN-jUOG-56699,M021,S0512,2022-11-17,Inspection,510.7
SV00069,CSN-DblU-63771,M026,S0307,2022-06-06,Routine Maintenance,411.34
SV00070,CSN-SJjI-89078,M014,S0384,2023-12-19,Routine Maintenance,1277.19
SV00071,CSN-Tmvt-13448,M032,S0386,2023-03-02,Repair,1219.55
SV00072,CSN-ZdEg-92523,M025,S0905,2023-04-18,Battery Replacement,430.43
SV00073,CSN-jZcc-66416,M006,S0152,2023-09-21,Tire Change,483.05
SV00074,CSN-MDfx-13520,M050,S0951,2023-08-18,Battery Replacement,1379.56
SV00075,CSN-tLod-60831,M037,S0911,2024-03-09,Inspection,308.41
SV00076,CSN-ZEkc-22691,M029,S0299,2023-04-22,Battery Replacement,804.42
SV00077,CSN-oRvh-13716,M043,S0759,2023-06-19,Inspection,115.91
SV00078,CSN-jZiQ-74288,M012,S0958,2022-12-11,Tire Change,320.9
SV00079,CSN-dDev-95074,M028,S0046,2024-01-05,Tire Change,861.55
SV00080,CSN-Echy-86955,M014,S0268,2022-12-07,Battery Replacement,500.27
SV00081,CSN-dvUw-43703,M025,S0836,2023-01-04,Battery Replacement,173.82
SV00082,CSN-nNcg-85822,M018,S0633,2023-02-14,Battery Replacement,901.17
SV00083,CSN-XuDB-15991,M010,S0912,2022-04-29,Repair,964.25
SV00084,CSN-IXac-61998,M035,S0398,2022-07-15,Tire Change,1872.6
SV00085,CSN-Ixti-48078,M028,S0382,2022-12-10,Repair,593.88
SV00086,CSN-LFvh-01805,M001,S0861,2023-04-19,Repair,1022.22
SV00087,CSN-wmux-16363,M031,S0687,2024-03-20,Inspection,898.0
SV00088,CSN-lCtD-64581,M008,S0404,2023-03-19,Inspection,129.36
SV00089,CSN-fqmP-15593,M015,S0374,2024-02-08,Routine Maintenance,724.04
SV00090,CSN-RXZR-36373,M015,S0685,2022-09-17,Battery Replacement,149.94
SV00091,CSN-tzlH-38861,M029,S0586,2023-06-25,Routine Maintenance,1085.15
SV00092,CSN-Obwh-00196,M006,S0049,2022-06-02,Inspection,260.56
SV00093,CSN-DfmG-29193,M050,S0363,2023-08-17,Inspection,52.8
SV00094,CSN-eEal-67738,M001,S0237,2022-07-20,Repair,855.26
SV00095,CSN-ATxM-60229,M016,S0066,2022-05-08,Tire Change,1423.01
SV00096,CSN-RwiM-60275,M038,S0134,2022-04-19,Battery Replacement,1233.46
SV00097,CSN-ykFz-90672,M007,S0635,2024-02-12,Battery Replacement,572.77
SV00098,CSN-QNHj-39812,M012,S0620,2022-07-21,Inspection,1144.11
SV00099,CSN-fpgB-72658,M021,S0026,2022-07-23,Battery Replacement,1230.65
SV00100,CSN-JIaj-40774,M039,S0045,2022-09-29,Repair,1349.55
SV00101,CSN-KrgN-99193,M033,S0647,2023-01-02,Repair,243.33
SV00102,CSN-BOsy-90878,M014,S0174,2022-08-17,Routine Maintenance,1432.24
SV00103,CSN-TaNV-16200,M015,S0068,2023-08-18,Routine Maintenance,1220.54
SV00104,CSN-ZaEy-37547,M031,S0141,2023-03-07,Battery Replacement,1472.52
SV00105,CSN-WIZj-74242,M008,S0644,2023-12-20,Tire Change,291.17
SV00106,CSN-hTgD-40050,M032,S0886,2023-01-27,Battery Replacement,1138.72
SV00107,CSN-VhQt-68961,M021,S0852,2022-06-29,Repair,788.02
SV00108,CSN-Lrod-57819,M019,S0583,2023-11-21,Repair,1935.38
SV00109,CSN-ptvh-39254,M050,S0643,2023-03-26,Routine Maintenance,1952.56
SV00110,CSN-MUPD-96349,M023,S0257,2022-11-16,Inspection,1343.08
SV00111,CSN-QASs-22818,M004,S0839,2023-01-17,Battery Replacement,1379.23
SV00112,CSN-TYJj-55704,M046,S0401,2024-02-25,Inspection,790.9
SV00113,CSN-Irao-51669,M030,S0497,2022-06-30,Inspection,467.14
SV00114,CSN-xPIM-84937,M001,S0179,2023-04-26,Inspection,1662.03
SV00115,CSN-KEyt-60658,M005,S0088,2022-04-01,Repair,241.61
SV00116,CSN-RilX-64836,M044,S0202,2023-06-06,Battery Replacement,637.14
SV00117,CSN-NsDy-64798,M011,S0894,2023-07-08,Routine Maintenance,392.9
SV00118,CSN-wcwj-29522,M041,S0627,2022-08-19,Tire Change,441.79
SV00119,CSN-kCrF-12799,M045,S0544,2024-02-22,Battery Replacement,1163.54
SV00120,CSN-dXgI-21366,M015,S0483,2023-07-24,Routine Maintenance,691.97
SV00121,CSN-OhKd-23409,M007,S0725,2022-08-03,Battery Replacement,1769.4
SV00122,CSN-VExN-31789,M002,S0669,2023-08-13,Inspection,732.75
SV00123,CSN-OuUl-01320,M043,S0364,2023-07-29,Repair,943.54
SV00124,CSN-fbDe-71430,M006,S0386,2023-01-11,Tire Change,1187.21
SV00125,CSN-ivrL-60318,M031,S0569,2023-02-11,Tire Change,1461.71
SV00126,CSN-khEj-71772,M041,S0186,2023-05-16,Repair,529.79
SV00127,CSN-EDSi-68649,M045,S0003,2022-08-08,Tire Change,93.6
SV00128,CSN-GmsY-61784,M046,S0842,2023-07-11,Routine Maintenance,1026.77
SV00129,CSN-ohCI-74908,M028,S0117,2022-09-10,Battery Replacement,877.84
SV00130,CSN-ohkH-85327,M003,S0981,2022-08-06,Inspection,1577.64
SV00131,CSN-Gnkd-49136,M043,S0509,2022-07-31,Routine Maintenance,272.9
SV00132,CSN-xqee-44148,M035,S0055,2024-01-10,Battery Replacement,862.69
SV00133,CSN-LAYI-99509,M026,S0491,2023-05-24,Tire Change,1500.47
SV00134,CSN-soTu-20232,M025,S0917,2022-06-13,Repair,1640.37
SV00135,CSN-APRF-44954,M026,S0459,2023-02-18,Routine Maintenance,1325.02
SV00136,CSN-ocfY-12081,M003,S0389,2022-08-03,Routine Maintenance,980.67
SV00137,CSN-xDvz-57621,M049,S0804,2022-08-17,Inspection,1701.98
SV00138,CSN-tCsA-82867,M045,S0172,2023-09-05,Tire Change,778.97
SV00139,CSN-TFUR-99461,M020,S0242,2022-05-20,Routine Maintenance,611.25
SV00140,CSN-XhGu-51758,M008,S0001,2023-03-22,Repair,1231.73
SV00141,CSN-eLuT-50590,M033,S0985,2022-11-30,Routine Maintenance,1927.37
SV00142,CSN-ubFi-85376,M034,S0606,2023-09-08,Repair,1135.33
SV00143,CSN-Xaya-11673,M045,S0122,2024-01-22,Tire Change,139.41
SV00144,CSN-hqEC-27681,M022,S0925,2023-05-02,Inspection,1509.4
SV00145,CSN-qvfb-23749,M033,S0601,2023-01-31,Tire Change,1113.33
SV00146,CSN-pCKw-59479,M004,S0042,2023-11-08,Routine Maintenance,1789.61
SV00147,CSN-wzTz-67030,M005,S0048,2022-08-21,Battery Replacement,540.71
SV00148,CSN-kvWk-54784,M028,S0042,2024-01-09,Repair,1921.65
SV00149,CSN-ktCq-07991,M008,S0941,2024-03-18,Routine Maintenance,1003.35
SV00150,CSN-DBaF-24672,M011,S0542,2023-12-04,Repair,1019.34
SV00151,CSN-sNOd-10883,M029,S0525,2022-09-23,Battery Replacement,333.74
SV00152,CSN-TyXP-56375,M048,S0500,2023-08-22,Battery Replacement,279.26
SV00153,CSN-DmOr-67951,M041,S0287,2024-03-06,Repair,1701.06
SV00154,CSN-GmUI-70738,M010,S0029,2024-03-09,Routine Maintenance,1374.69
SV00155,CSN-nlsD-75077,M010,S0851,2022-12-20,Battery Replacement,901.67
SV00156,CSN-EyMD-92103,M013,S0443,2023-05-29,Routine Maintenance,1761.1
SV00157,CSN-bXOl-77916,M043,S0984,2023-03-31,Repair,1525.96
SV00158,CSN-uytM-05612,M026,S0982,2023-04-06,Inspection,1278.55
SV00159,CSN-loKW-72862,M047,S0366,2022-10-11,Battery Replacement,1192.54
SV00160,CSN-ArFl-86954,M041,S0541,2023-04-13,Tire Change,1706.91
SV00161,CSN-uGnL-97764,M014,S0546,2024-03-06,Tire Change,371.41
SV00162,CSN-SqTs-68016,M007,S0931,2023-04-05,Inspection,1011.73
SV00163,CSN-Qfdr-08566,M017,S0764,2022-09-22,Tire Change,382.04
SV00164,CSN-HWnJ-84828,M023,S0183,2023-08-10,Battery Replacement,1325.12
SV00165,CSN-BBsa-50123,M018,S0305,2022-05-04,Repair,1980.23
SV00166,CSN-oDFY-05511,M005,S0671,2023-07-30,Battery Replacement,972.81
SV00167,CSN-TGhU-93446,M020,S0233,2023-04-08,Battery Replacement,1499.19
SV00168,CSN-hROJ-86083,M033,S0148,2024-02-19,Battery Replacement,264.78
SV00169,CSN-SlZO-11923,M049,S0623,2024-02-23,Routine Maintenance,1904.94
SV00170,CSN-uhIl-09909,M004,S0299,2022-05-15,Tire Change,1898.23
SV00171,CSN-Wbyz-25109,M017,S0955,2023-02-07,Tire Change,475.29
SV00172,CSN-WITV-12783,M002,S0796,2023-11-01,Repair,1087.58
SV00173,CSN-OKfG-42413,M012,S0180,2024-01-15,Repair,112.68
SV00174,CSN-Ikuq-33738,M030,S0962,2023-06-23,Routine Maintenance,827.77
SV00175,CSN-erDW-43941,M008,S0410,2023-07-20,Repair,1852.49
SV00176,CSN-qHHT-64314,M027,S0883,2022-12-20,Inspection,1652.06
SV00177,CSN-cdeE-14534,M035,S0650,2022-12-11,Routine Maintenance,1482.57
SV00178,CSN-wYaT-40563,M042,S0637,2023-11-03,Repair,470.49
SV00179,CSN-RIzX-66423,M047,S0031,2023-01-08,Routine Maintenance,885.06
SV00180,CSN-NDqd-02179,M003,S0322,2024-02-02,Repair,851.87
SV00181,CSN-GuSR-44756,M018,S0580,2023-12-12,Battery Replacement,1617.3
SV00182,CSN-TmHl-57052,M005,S0151,2023-08-23,Inspection,775.19
SV00183,CSN-xpMy-85110,M031,S0014,2023-02-28,Battery Replacement,1554.66
SV00184,CSN-bVQs-41428,M050,S0879,2022-06-10,Routine Maintenance,489.17
SV00185,CSN-VDzS-50393,M013,S0417,2022-11-15,Routine Maintenance,1594.47
SV00186,CSN-MsHC-68939,M009,S0067,2023-12-12,Routine Maintenance,1901.25
SV00187,CSN-LkAn-37119,M036,S0576,2022-05-05,Tire Change,1443.13
SV00188,CSN-nmxd-15877,M013,S0228,2023-02-16,Repair,875.54
SV00189,CSN-NRWf-59001,M013,S0381,2023-02-27,Inspection,1904.86
SV00190,CSN-xYMz-05123,M043,S0157,2023-12-30,Repair,1562.26
SV00191,CSN-WazM-66173,M016,S0064,2022-09-18,Inspection,1906.08
SV00192,CSN-MWEM-15284,M042,S0699,2023-05-03,Tire Change,1910.88
SV00193,CSN-wlGI-88460,M027,S0196,2023-04-30,Repair,381.84
SV00194,CSN-KUzq-22525,M020,S0978,2022-04-24,Tire Change,1133.17
SV00195,CSN-Zzsw-66913,M048,S0076,2023-05-24,Inspection,668.83
SV00196,CSN-ERLL-50909,M041,S0044,2024-02-08,Inspection,547.05
SV00197,CSN-Bbed-04363,M045,S0207,2024-02-29,Tire Change,1520.44
SV00198,CSN-MbhR-40795,M034,S0366,2023-11-13,Repair,119.75
SV00199,CSN-LqKX-51537,M033,S0646,2023-08-12,Tire Change,556.51
SV00200,CSN-zCME-53770,M047,S0347,2022-11-16,Repair,653.56
SV00201,CSN-DXwO-75535,M050,S0422,2023-11-23,Repair,1024.01
SV00202,CSN-PSZB-73472,M003,S0440,2022-06-28,Battery Replacement,1230.49
SV00203,CSN-lIFM-79772,M041,S0749,2023-06-10,Inspection,128.49
SV00204,CSN-FgRz-23660,M020,S0681,2023-06-03,Repair,75.88
SV00205,CSN-eOMd-46934,M047,S0329,2023-06-07,Repair,1273.25
SV00206,CSN-HiXw-53641,M040,S0520,2023-03-24,Tire Change,1368.89
SV00207,CSN-PODM-48125,M032,S0366,2023-08-03,Battery Replacement,801.07
SV00208,CSN-WUIN-70653,M024,S0070,2022-10-02,Tire Change,889.54
SV00209,CSN-wiuH-19152,M030,S0458,2022-07-06,Repair,1022.39
SV00210,CSN-AXnD-99269,M011,S0723,2022-09-04,Repair,1881.89
SV00211,CSN-IQLb-45279,M028,S0210,2023-03-20,Inspection,934.79
SV00212,CSN-YYJN-75491,M047,S0019,2023-07-27,Tire Change,1835.4
SV00213,CSN-PMUW-52309,M023,S0257,2023-08-26,Tire Change,309.25
SV00214,CSN-oLRz-75201,M050,S0289,2023-08-07,Tire Change,577.06
SV00215,CSN-SCqW-84969,M024,S0781,2023-10-19,Tire Change,1147.35
SV00216,CSN-foYQ-52038,M021,S0737,2023-02-20,Repair,658.75
SV00217,CSN-VMKW-10571,M003,S0938,2022-10-28,Repair,558.59
SV00218,CSN-anUU-03865,M029,S0596,2023-03-05,Inspection,579.74
SV00219,CSN-tXKh-43553,M031,S0761,2023-01-14,Repair,994.79
SV00220,CSN-AzKw-08144,M035,S0260,2023-07-22,Inspection,693.02
SV00221,CSN-woTd-38428,M018,S0557,2022-11-16,Routine Maintenance,622.86
SV00222,CSN-YxSq-86488,M028,S0998,2022-08-23,Battery Replacement,239.8
SV00223,CSN-Tyox-59889,M032,S0785,2023-04-15,Routine Maintenance,887.84
SV00224,CSN-mhKw-73967,M047,S0322,2023-08-20,Tire Change,1819.1
SV00225,CSN-TYbW-95963,M009,S0311,2023-08-05,Repair,1435.69
SV00226,CSN-gvUf-92483,M022,S0204,2023-04-10,Routine Maintenance,237.95
SV00227,CSN-OnBw-76952,M017,S0976,2023-10-02,Tire Change,1536.98
SV00228,CSN-FsUt-42225,M029,S0615,2023-07-08,Inspection,1431.44
SV00229,CSN-agcn-40730,M003,S0999,2023-12-20,Inspection,1043.07
SV00230,CSN-ecBJ-61986,M049,S0055,2023-05-06,Inspection,1222.3
SV00231,CSN-iZhL-98442,M041,S0192,2022-05-27,Battery Replacement,762.09
SV00232,CSN-aiYE-83912,M026,S0528,2022-09-24,Repair,552.17
SV00233,CSN-etKm-30364,M028,S0136,2022-08-10,Battery Replacement,956.46
SV00234,CSN-PVJt-55541,M030,S0349,2022-06-30,Routine Maintenance,749.77
SV00235,CSN-POfj-84233,M007,S0579,2023-05-02,Routine Maintenance,295.7
SV00236,CSN-sWqc-61247,M040,S0163,2023-05-13,Battery Replacement,667.04
SV00237,CSN-fFCf-72135,M031,S0251,2023-08-21,Inspection,297.1
SV00238,CSN-BCyo-07807,M001,S0152,2023-05-05,Battery Replacement,640.18
SV00239,CSN-kWjA-49109,M011,S0866,2022-04-17,Repair,315.53
SV00240,CSN-hLqO-30299,M042,S0775,2023-03-30,Inspection,1817.36
SV00241,CSN-uQPS-20005,M029,S0531,2023-10-29,Routine Maintenance,96.09
SV00242,CSN-BGkl-00562,M010,S0627,2022-07-20,Tire Change,138.34
SV00243,CSN-GBUO-41914,M030,S0952,2023-03-22,Routine Maintenance,738.47
SV00244,CSN-ZVmK-90100,M004,S0758,2023-09-23,Routine Maintenance,808.7
SV00245,CSN-jWiW-16412,M022,S0827,2023-11-08,Battery Replacement,829.48
SV00246,CSN-XCGA-93336,M017,S0542,2023-02-11,Routine Maintenance,1149.33
SV00247,CSN-wIJz-75529,M050,S0989,2023-01-15,Inspection,371.8
SV00248,CSN-mRtG-53539,M029,S0083,2022-05-23,Inspection,673.09
SV00249,CSN-RWTg-77741,M019,S0441,2024-02-02,Inspection,952.29
SV00250,CSN-fXvI-47823,M044,S0946,2022-10-22,Tire Change,451.93
SV00251,CSN-ptMV-09938,M040,S0478,2022-05-19,Battery Replacement,1148.37
SV00252,CSN-bRTd-02948,M042,S0738,2023-05-29,Battery Replacement,1345.36
SV00253,CSN-QAaS-03067,M006,S0638,2023-08-22,Tire Change,653.15
SV00254,CSN-mnsH-25781,M035,S0832,2023-03-03,Tire Change,686.3
SV00255,CSN-YORu-87054,M044,S0127,2023-06-26,Battery Replacement,1198.86
SV00256,CSN-DuDO-77826,M039,S0523,2022-09-15,Repair,1585.95
SV00257,CSN-aiut-92842,M017,S0813,2022-04-03,Battery Replacement,73.56
SV00258,CSN-bRPF-42378,M037,S0532,2023-08-01,Routine Maintenance,796.29
SV00259,CSN-hcHH-39101,M006,S0588,2023-07-18,Inspection,772.64
SV00260,CSN-ZQeI-71365,M025,S0165,2023-10-07,Routine Maintenance,1657.16
SV00261,CSN-ksto-76497,M033,S0197,2022-05-27,Battery Replacement,1835.52
SV00262,CSN-WMrF-01390,M039,S0543,2023-10-05,Inspection,1635.63
SV00263,CSN-Isyh-52668,M005,S0584,2022-10-13,Inspection,542.77
SV00264,CSN-qtud-69918,M006,S0549,2023-12-25,Repair,1714.69
SV00265,CSN-jvsf-25173,M018,S0064,2023-04-21,Repair,1179.52
SV00266,CSN-FRxP-95202,M043,S0774,2024-01-08,Battery Replacement,1049.43
SV00267,CSN-mzUf-74637,M042,S0481,2022-04-02,Routine Maintenance,1454.06
SV00268,CSN-pjxs-68636,M025,S0748,2022-05-05,Tire Change,1587.82
SV00269,CSN-otwi-36423,M044,S0808,2022-09-11,Battery Replacement,1727.69
SV00270,CSN-DaYe-84284,M038,S0897,2023-10-21,Inspection,329.27
SV00271,CSN-DyEV-22871,M043,S0040,2023-07-09,Tire Change,1571.54
SV00272,CSN-EJDY-75885,M005,S0409,2023-02-26,Repair,403.72
SV00273,CSN-mBEy-68286,M037,S0931,2023-04-30,Battery Replacement,662.38
SV00274,CSN-ZbZS-28826,M039,S0431,2023-11-14,Battery Replacement,1194.96
SV00275,CSN-RcMM-32977,M023,S0903,2022-12-18,Repair,897.12
SV00276,CSN-uLfN-81326,M032,S0896,2022-11-01,Battery Replacement,888.12
SV00277,CSN-mXFc-54902,M014,S0980,2023-11-23,Repair,770.96
SV00278,CSN-xOnd-45634,M033,S0881,2023-01-16,Repair,388.82
SV00279,CSN-qnZg-85485,M017,S0209,2022-11-27,Battery Replacement,1240.32
SV00280,CSN-kFEb-64374,M008,S0631,2022-06-14,Repair,143.5
SV00281,CSN-vraG-12475,M003,S0032,2023-11-01,Inspection,889.22
SV00282,CSN-StWZ-69390,M006,S0769,2023-12-27,Routine Maintenance,428.06
SV00283,CSN-TIGo-93894,M032,S0125,2024-03-06,Tire Change,840.19
SV00284,CSN-MPEM-50133,M027,S0407,2024-01-13,Routine Maintenance,873.22
SV00285,CSN-FbEh-93900,M040,S0660,2023-01-05,Repair,1434.38
SV00286,CSN-hnVt-96574,M040,S0312,2024-02-16,Battery Replacement,1459.63
SV00287,CSN-wkxa-68000,M009,S0305,2022-10-17,Inspection,1138.46
SV00288,CSN-veLm-51729,M024,S0799,2023-04-14,Battery Replacement,421.26
SV00289,CSN-uYQB-85291,M049,S0635,2023-04-04,Tire Change,936.25
SV00290,CSN-fqRO-06157,M012,S0924,2022-07-10,Repair,719.47
SV00291,CSN-wRVQ-57393,M031,S0357,2023-10-27,Tire Change,1784.67
SV00292,CSN-ufGU-86009,M010,S0778,2023-02-05,Routine Maintenance,1867.98
SV00293,CSN-KRMo-34707,M044,S0743,2023-05-20,Tire Change,824.98
SV00294,CSN-mDHd-74870,M031,S0963,2023-07-18,Tire Change,909.6
SV00295,CSN-hvdC-08878,M031,S0155,2024-02-10,Battery Replacement,1735.37
SV00296,CSN-qbLc-50476,M031,S0601,2022-08-03,Inspection,1643.18
SV00297,CSN-GQjb-83345,M019,S0300,2022-11-21,Inspection,1599.21
SV00298,CSN-Ukbq-37363,M022,S0108,2023-04-15,Inspection,1891.89
SV00299,CSN-JMCn-27399,M009,S0310,2022-10-08,Routine Maintenance,1867.05
SV00300,CSN-fYiD-35225,M006,S0406,2023-04-09,Tire Change,1633.51
SV00301,CSN-fNWJ-84720,M045,S0873,2022-08-05,Inspection,1724.88
SV00302,CSN-nNiA-94398,M027,S0084,2022-07-13,Tire Change,1022.6
SV00303,CSN-QqcK-71286,M031,S0010,2022-10-26,Inspection,1897.86
SV00304,CSN-VRNO-56991,M008,S0759,2022-06-12,Tire Change,717.85
SV00305,CSN-BzMa-33539,M006,S0263,2023-01-22,Inspection,608.15
SV00306,CSN-wAZq-00888,M020,S0045,2023-08-01,Tire Change,642.26
SV00307,CSN-Jkzx-71070,M037,S0996,2023-04-12,Repair,1529.92
SV00308,CSN-wvjN-96168,M050,S0206,2024-03-19,Repair,1164.69
SV00309,CSN-dXYs-56020,M024,S0672,2022-12-30,Repair,88.09
SV00310,CSN-jTqu-70621,M013,S0938,2023-04-25,Battery Replacement,626.12
SV00311,CSN-CWEf-07504,M017,S0974,2023-11-26,Repair,1645.18
SV00312,CSN-kMtU-25237,M032,S0301,2022-07-23,Battery Replacement,1517.96
SV00313,CSN-pwCT-94657,M003,S0990,2024-01-29,Routine Maintenance,533.48
SV00314,CSN-nSAY-83826,M012,S0883,2023-10-03,Repair,1391.78
SV00315,CSN-UGot-25170,M046,S0184,2022-08-19,Battery Replacement,1078.98
SV00316,CSN-JKWK-43664,M016,S0047,2023-04-25,Routine Maintenance,1657.61
SV00317,CSN-Bmgj-50701,M018,S0201,2024-01-05,Battery Replacement,697.26
SV00318,CSN-EVxG-21811,M035,S0615,2023-01-28,Battery Replacement,1233.01
SV00319,CSN-lPSF-00710,M018,S0527,2022-10-20,Repair,1372.4
SV00320,CSN-puIk-54490,M031,S0133,2023-12-07,Battery Replacement,627.21
SV00321,CSN-csTX-54085,M038,S0960,2023-09-27,Tire Change,1859.98
SV00322,CSN-iBHC-40220,M014,S0280,2023-04-03,Repair,1290.64
SV00323,CSN-kHaz-72742,M048,S0798,2022-11-27,Repair,1352.36
SV00324,CSN-weYr-40253,M047,S0495,2022-12-27,Battery Replacement,1101.55
SV00325,CSN-wsoL-80241,M030,S0880,2023-03-23,Repair,736.91
SV00326,CSN-wjgN-21952,M044,S0392,2022-06-27,Repair,626.81
SV00327,CSN-GfDL-61626,M018,S0254,2023-02-24,Routine Maintenance,1898.02
SV00328,CSN-PTKv-82710,M022,S0539,2022-06-25,Battery Replacement,1991.96
SV00329,CSN-SjFS-63570,M019,S0769,2023-10-12,Tire Change,1988.7
SV00330,CSN-MRFS-12155,M042,S0268,2022-07-05,Battery Replacement,390.59
SV00331,CSN-hSKn-32273,M041,S0746,2023-03-29,Routine Maintenance,325.82
SV00332,CSN-xpxk-06485,M008,S0112,2022-04-25,Repair,1727.23
SV00333,CSN-zDGX-55802,M041,S0920,2022-11-04,Inspection,242.07
SV00334,CSN-FsCj-91617,M022,S0430,2023-07-06,Routine Maintenance,219.79
SV00335,CSN-HpzD-27816,M049,S0287,2023-05-21,Inspection,60.42
SV00336,CSN-NrRK-25387,M047,S0684,2024-02-16,Inspection,1105.04
SV00337,CSN-PEJM-60325,M023,S0511,2023-05-26,Battery Replacement,460.89
SV00338,CSN-HDLC-65722,M028,S0816,2022-05-22,Battery Replacement,1766.46
SV00339,CSN-avXJ-04929,M037,S0052,2022-08-23,Repair,1066.76
SV00340,CSN-cPVG-12432,M030,S0156,2023-08-12,Routine Maintenance,608.5
SV00341,CSN-Lhvk-01708,M046,S0673,2022-05-30,Inspection,1900.66
SV00342,CSN-qvAj-20321,M033,S0489,2022-06-19,Battery Replacement,276.52
SV00343,CSN-LbHq-81058,M022,S0523,2022-10-03,Battery Replacement,1388.65
SV00344,CSN-CcVl-15890,M017,S0062,2022-06-27,Routine Maintenance,781.79
SV00345,CSN-TIPJ-64231,M045,S0636,2022-07-19,Repair,1357.83
SV00346,CSN-LooX-57867,M035,S0359,2022-10-23,Repair,55.14
SV00347,CSN-cYXN-27365,M014,S0066,2023-04-04,Repair,1032.47
SV00348,CSN-nmrS-47699,M018,S0113,2024-02-25,Repair,659.32
SV00349,CSN-yjmw-41876,M025,S0204,2023-09-01,Routine Maintenance,597.68
SV00350,CSN-BwNo-28535,M041,S0584,2023-07-20,Routine Maintenance,514.28
SV00351,CSN-PRoK-69422,M039,S0046,2022-06-08,Routine Maintenance,1572.08
SV00352,CSN-yJaS-22069,M030,S0168,2024-01-27,Repair,565.87
SV00353,CSN-ROdj-80806,M033,S0467,2022-05-02,Routine Maintenance,1187.98
SV00354,CSN-EBMX-24876,M007,S0514,2023-01-22,Battery Replacement,1806.83
SV00355,CSN-cuWy-72204,M024,S0177,2024-01-13,Repair,1831.77
SV00356,CSN-qSrn-97045,M024,S0388,2022-12-25,Routine Maintenance,1078.25
SV00357,CSN-IDXe-51027,M034,S0649,2022-09-11,Repair,911.1
SV00358,CSN-EgAD-82894,M004,S0996,2023-07-14,Tire Change,1513.2
SV00359,CSN-gprv-77421,M034,S0362,2023-11-26,Routine Maintenance,293.03
SV00360,CSN-mhOo-31655,M030,S0260,2023-01-18,Tire Change,1778.17
SV00361,CSN-nAlC-55236,M001,S0532,2023-08-27,Tire Change,1494.23
SV00362,CSN-YhgJ-12165,M020,S0595,2023-03-28,Tire Change,1904.81
SV00363,CSN-MgmT-73132,M040,S0572,2023-05-08,Tire Change,560.17
SV00364,CSN-zyuW-66573,M027,S0347,2023-10-20,Routine Maintenance,668.73
SV00365,CSN-gbDT-73445,M042,S0320,2023-06-18,Repair,1304.45
SV00366,CSN-iexN-44849,M039,S0294,2022-11-20,Routine Maintenance,1738.29
SV00367,CSN-Jgfi-32013,M050,S0957,2023-09-22,Routine Maintenance,287.0
SV00368,CSN-Ezso-19849,M027,S0903,2023-09-11,Routine Maintenance,377.04
SV00369,CSN-nQTN-35202,M038,S0814,2022-11-29,Battery Replacement,1883.63
SV00370,CSN-sCfk-14334,M019,S0117,2023-06-05,Routine Maintenance,1854.51
SV00371,CSN-teXb-40197,M030,S0030,2023-07-30,Repair,1750.11
SV00372,CSN-gPHw-82538,M047,S0777,2022-06-22,Repair,347.07
SV00373,CSN-TuNN-21706,M043,S0576,2023-08-26,Tire Change,121.49
SV00374,CSN-eaRM-23099,M039,S0328,2022-07-10,Inspection,1600.07
SV00375,CSN-DvXx-29109,M020,S0434,2022-10-28,Inspection,187.02
SV00376,CSN-KDXJ-54747,M029,S0850,2023-01-21,Tire Change,1320.92
SV00377,CSN-bKYq-43004,M019,S0701,2023-05-13,Tire Change,1836.88
SV00378,CSN-Ntgl-16993,M023,S0293,2022-05-25,Inspection,1810.64
SV00379,CSN-kmeb-07115,M046,S0737,2024-02-25,Tire Change,1477.82
SV00380,CSN-dNxI-83468,M017,S0831,2023-03-23,Inspection,1165.73
SV00381,CSN-UYyA-33248,M024,S0525,2023-04-09,Routine Maintenance,927.14
SV00382,CSN-brin-76536,M016,S0733,2023-09-17,Tire Change,1462.18
SV00383,CSN-WOkX-91401,M030,S0045,2022-09-22,Inspection,142.07
SV00384,CSN-ZTUP-60070,M023,S0915,2023-07-13,Routine Maintenance,327.49
SV00385,CSN-riGw-08196,M037,S0900,2022-06-30,Tire Change,1698.58
SV00386,CSN-qJLH-96492,M021,S0428,2022-06-02,Repair,916.51
SV00387,CSN-WDnB-04157,M036,S0232,2022-04-09,Battery Replacement,801.85
SV00388,CSN-SWWQ-54051,M036,S0595,2023-05-17,Tire Change,1103.58
SV00389,CSN-nUED-05528,M019,S0449,2022-08-07,Repair,1743.11
SV00390,CSN-hDwy-24778,M005,S0462,2022-10-16,Repair,1617.28
SV00391,CSN-JoYc-43341,M047,S0641,2022-08-01,Inspection,1628.79
SV00392,CSN-zJHA-50368,M004,S0772,2022-08-23,Repair,1394.11
SV00393,CSN-rUOW-46984,M026,S0795,2022-11-23,Inspection,586.83
SV00394,CSN-MQOL-16036,M017,S0957,2022-08-16,Tire Change,1800.25
SV00395,CSN-yKvp-90443,M001,S1000,2023-02-24,Inspection,777.74
SV00396,CSN-bZTS-46493,M003,S0395,2023-02-10,Tire Change,1409.85
SV00397,CSN-dNwy-11451,M030,S0724,2023-12-03,Inspection,1348.2
SV00398,CSN-HasH-62012,M016,S0510,2023-01-17,Battery Replacement,810.75
SV00399,CSN-JMgf-69345,M008,S0797,2022-05-29,Routine Maintenance,105.85
SV00400,CSN-sOBw-58351,M022,S0081,2023-02-10,Inspection,1125.54
SV00401,CSN-fkeb-46729,M030,S0321,2023-05-12,Battery Replacement,1707.97
SV00402,CSN-jEuP-61337,M002,S0067,2024-02-26,Battery Replacement,1634.8
SV00403,CSN-BxSg-83608,M014,S0538,2022-05-29,Inspection,1571.4
SV00404,CSN-XOSg-84349,M026,S0422,2023-04-19,Inspection,331.66
SV00405,CSN-UTwM-93233,M025,S0776,2023-12-07,Repair,1501.34
SV00406,CSN-yeuI-73974,M002,S0410,2023-03-28,Battery Replacement,1969.28
SV00407,CSN-Fiqc-46954,M039,S0703,2023-08-29,Routine Maintenance,425.14
SV00408,CSN-FLGE-45486,M049,S0415,2024-03-06,Tire Change,1364.01
SV00409,CSN-WzXU-22902,M048,S0939,2023-02-08,Repair,1351.15
SV00410,CSN-UUwu-13348,M018,S0477,2022-05-09,Inspection,764.55
SV00411,CSN-JASD-88128,M047,S0844,2022-09-04,Tire Change,559.86
SV00412,CSN-CBUP-98452,M042,S0972,2022-08-27,Repair,1273.2
SV00413,CSN-fFjB-23319,M048,S0282,2023-07-22,Battery Replacement,1261.85
SV00414,CSN-WZRS-53146,M048,S0085,2023-12-16,Tire Change,1153.25
SV00415,CSN-zrNB-87967,M047,S0441,2023-07-29,Routine Maintenance,1788.02
SV00416,CSN-kHoj-20216,M038,S0847,2024-03-13,Repair,876.87
SV00417,CSN-ifZh-92752,M007,S0034,2022-10-05,Repair,374.84
SV00418,CSN-HOdH-45511,M046,S0351,2022-07-23,Repair,1092.53
SV00419,CSN-REVc-63184,M048,S0288,2023-05-12,Tire Change,1797.14
SV00420,CSN-Xapl-62987,M022,S0436,2023-02-25,Inspection,1045.69
SV00421,CSN-PRgE-79127,M017,S0422,2022-06-05,Repair,1589.84
SV00422,CSN-lyVJ-00604,M049,S0524,2024-03-24,Battery Replacement,769.93
SV00423,CSN-GNKT-24245,M042,S0974,2022-09-08,Repair,119.62
SV00424,CSN-DdoK-22015,M033,S0779,2024-01-12,Routine Maintenance,558.4
SV00425,CSN-syRd-25093,M019,S0500,2023-04-04,Inspection,783.5
SV00426,CSN-leiA-09449,M032,S0341,2023-08-28,Repair,1599.21
SV00427,CSN-VzuT-13250,M048,S0210,2022-07-05,Tire Change,448.51
SV00428,CSN-LeTm-43913,M032,S0138,2022-04-04,Tire Change,1763.11
SV00429,CSN-FWtD-85205,M010,S0184,2022-10-26,Tire Change,125.47
SV00430,CSN-ztCD-02789,M027,S0435,2023-06-23,Inspection,799.52
SV00431,CSN-uDlZ-17483,M005,S0163,2023-09-05,Inspection,614.7
SV00432,CSN-kyfg-88554,M031,S0206,2024-03-25,Routine Maintenance,550.68
SV00433,CSN-YcAW-08685,M028,S0880,2023-12-25,Routine Maintenance,1129.59
SV00434,CSN-Hkgh-53855,M011,S0708,2022-11-10,Repair,927.13
SV00435,CSN-XwbP-65087,M014,S0890,2022-07-23,Tire Change,936.17
SV00436,CSN-OStr-72937,M019,S0413,2023-06-27,Tire Change,793.26
SV00437,CSN-LVLB-39546,M008,S0032,2023-05-04,Battery Replacement,1867.25
SV00438,CSN-GdAC-41476,M006,S0228,2024-03-18,Tire Change,1811.15
SV00439,CSN-UZXi-92366,M026,S0311,2023-05-20,Routine Maintenance,1531.51
SV00440,CSN-jyCS-97332,M045,S0913,2023-07-04,Battery Replacement,1144.58
SV00441,CSN-AJae-94366,M047,S0436,2023-05-20,Battery Replacement,1003.8
SV00442,CSN-eAZv-10752,M050,S0324,2022-09-28,Battery Replacement,163.06
SV00443,CSN-IrxG-26649,M018,S1000,2024-01-10,Inspection,501.03
SV00444,CSN-EHuu-38739,M005,S0518,2023-02-19,Inspection,1704.95
SV00445,CSN-bMRZ-10956,M015,S0510,2023-01-22,Routine Maintenance,1730.79
SV00446,CSN-ixMl-66637,M002,S0047,2022-08-23,Routine Maintenance,1012.14
SV00447,CSN-QxlX-48927,M018,S0855,2023-04-18,Inspection,286.73
SV00448,CSN-MnYs-80852,M050,S0030,2023-09-20,Repair,290.32
SV00449,CSN-ezJc-23929,M050,S0372,2024-03-23,Repair,1754.63
SV00450,CSN-pikQ-68798,M041,S0100,2024-01-05,Routine Maintenance,773.26
SV00451,CSN-ZGRx-19011,M025,S0949,2023-09-14,Inspection,862.16
SV00452,CSN-hmOj-36415,M020,S0895,2022-10-09,Inspection,1522.79
SV00453,CSN-OtKI-01171,M022,S0320,2023-05-02,Tire Change,1208.99
SV00454,CSN-Tono-79464,M001,S0259,2023-09-03,Routine Maintenance,869.51
SV00455,CSN-qthb-07226,M023,S0527,2023-05-08,Inspection,1833.65
SV00456,CSN-AuiD-28116,M022,S0305,2023-12-01,Repair,1167.44
SV00457,CSN-VMBI-31866,M013,S0087,2024-01-24,Repair,1712.9
SV00458,CSN-ucen-17771,M006,S0360,2022-11-14,Battery Replacement,429.92
SV00459,CSN-EeOP-00796,M025,S0707,2022-06-25,Tire Change,1616.1
SV00460,CSN-YQUd-41369,M050,S0244,2023-02-16,Routine Maintenance,936.03
SV00461,CSN-DtPZ-71446,M032,S0287,2023-04-08,Repair,1664.75
SV00462,CSN-wWst-56350,M047,S0009,2024-01-26,Battery Replacement,644.09
SV00463,CSN-BBmm-51853,M001,S0292,2023-03-13,Repair,605.21
SV00464,CSN-pKes-65336,M006,S0560,2023-07-02,Tire Change,1245.67
SV00465,CSN-fEng-58671,M011,S0813,2022-11-28,Routine Maintenance,1491.09
SV00466,CSN-Lnsu-81309,M033,S0621,2023-04-13,Repair,1730.44
SV00467,CSN-vipD-30999,M010,S0324,2022-06-03,Tire Change,635.13
SV00468,CSN-PecD-34296,M047,S0874,2023-07-04,Inspection,63.11
SV00469,CSN-VVRT-25507,M012,S0441,2022-10-12,Repair,1847.59
SV00470,CSN-GlhE-85302,M007,S0602,2023-04-12,Tire Change,1381.94
SV00471,CSN-tayI-50637,M034,S0461,2023-09-07,Routine Maintenance,542.6
SV00472,CSN-SGHI-37743,M046,S0844,2024-01-28,Tire Change,1981.71
SV00473,CSN-pZSm-30198,M039,S0621,2022-07-02,Tire Change,511.84
SV00474,CSN-vvXu-18223,M035,S0360,2024-01-22,Repair,262.08
SV00475,CSN-oReT-91647,M049,S0540,2024-02-07,Battery Replacement,68.34
SV00476,CSN-jIut-73898,M005,S0557,2022-11-30,Routine Maintenance,696.55
SV00477,CSN-TGqD-27673,M006,S0086,2023-03-29,Battery Replacement,1993.27
SV00478,CSN-FUJo-70987,M004,S0730,2023-08-28,Battery Replacement,1112.78
SV00479,CSN-UhEa-74450,M031,S0032,2022-08-09,Inspection,493.34
SV00480,CSN-kVwH-33839,M018,S0571,2023-08-28,Battery Replacement,100.05
SV00481,CSN-fOfM-67360,M012,S0339,2022-04-09,Tire Change,906.18
SV00482,CSN-WsrC-17294,M008,S0243,2024-03-05,Tire Change,209.36
SV00483,CSN-PIXJ-63720,M014,S0920,2022-06-11,Tire Change,1022.5
SV00484,CSN-EfJX-08529,M034,S0363,2023-03-09,Repair,937.15
SV00485,CSN-gLHB-29283,M037,S0844,2022-11-29,Routine Maintenance,1549.79
SV00486,CSN-lEOJ-30120,M034,S0676,2023-08-30,Inspection,128.9
SV00487,CSN-NHrJ-88349,M046,S0334,2024-02-04,Tire Change,863.33
SV00488,CSN-tjCF-62353,M027,S0832,2024-02-08,Battery Replacement,733.22
SV00489,CSN-WXCa-82115,M047,S0865,2022-07-28,Inspection,903.99
SV00490,CSN-NAfO-28532,M046,S0469,2022-12-10,Inspection,1671.92
SV00491,CSN-ughe-52870,M040,S0562,2023-12-05,Tire Change,797.81
SV00492,CSN-uRjR-79150,M008,S0731,2022-04-25,Repair,1026.66
SV00493,CSN-JOab-37611,M007,S0664,2024-01-29,Battery Replacement,703.06
SV00494,CSN-AOuG-26903,M010,S0108,2023-03-28,Battery Replacement,1903.45
SV00495,CSN-MmRN-01175,M009,S0814,2022-05-17,Routine Maintenance,1926.26
SV00496,CSN-GBsX-98342,M046,S0091,2022-11-27,Repair,356.4
SV00497,CSN-OeQp-04686,M033,S0774,2024-01-05,Tire Change,687.19
SV00498,CSN-YMuT-62485,M002,S0316,2023-04-11,Inspection,712.24
SV00499,CSN-WqQF-10414,M050,S0313,2023-12-06,Battery Replacement,1924.37
SV00500,CSN-fLsF-38062,M008,S0337,2023-06-11,Battery Replacement,1157.19
SV00501,CSN-fDSg-50643,M031,S0330,2023-04-12,Repair,1310.29
SV00502,CSN-EWQS-60051,M029,S0805,2023-04-03,Inspection,77.86
SV00503,CSN-ONqs-26149,M020,S0476,2022-10-23,Routine Maintenance,1896.35
SV00504,CSN-yRSU-12103,M028,S0306,2023-03-11,Routine Maintenance,1840.51
SV00505,CSN-BoEz-97042,M009,S0922,2023-03-29,Inspection,870.58
SV00506,CSN-rcRG-22305,M043,S0638,2022-12-22,Routine Maintenance,1838.2
SV00507,CSN-aMSB-72128,M032,S0154,2022-10-27,Battery Replacement,1200.66
SV00508,CSN-wbWW-20664,M024,S0503,2023-11-12,Inspection,1275.1
SV00509,CSN-koDA-92276,M009,S0703,2024-03-08,Tire Change,434.09
SV00510,CSN-tWJQ-65739,M010,S0923,2023-06-16,Battery Replacement,1516.3
SV00511,CSN-nLeK-92060,M029,S0324,2023-02-18,Tire Change,1229.23
SV00512,CSN-XRLR-93788,M027,S0316,2022-06-05,Inspection,803.63
SV00513,CSN-vEEN-47659,M037,S0982,2023-07-27,Routine Maintenance,741.81
SV00514,CSN-Pyqs-08998,M010,S0800,2022-10-26,Repair,332.35
SV00515,CSN-TiOc-36062,M013,S0556,2023-11-16,Battery Replacement,1491.64
SV00516,CSN-WtzM-73769,M046,S0100,2023-02-05,Tire Change,483.44
SV00517,CSN-odWC-60890,M001,S0066,2023-02-17,Routine Maintenance,1063.94
SV00518,CSN-RyXE-69486,M004,S0715,2022-10-31,Routine Maintenance,950.14
SV00519,CSN-xniH-32549,M021,S0094,2023-12-17,Repair,1391.79
SV00520,CSN-mecG-61025,M015,S0715,2023-08-14,Repair,635.82
SV00521,CSN-gztn-34616,M008,S0965,2022-07-12,Battery Replacement,202.76
SV00522,CSN-EqWr-04157,M043,S0172,2022-10-09,Inspection,367.96
SV00523,CSN-FkIE-82948,M031,S0433,2022-11-19,Tire Change,1368.64
SV00524,CSN-dwrX-77120,M039,S0879,2022-05-27,Repair,1279.2
SV00525,CSN-ryKf-28256,M023,S0686,2022-04-30,Tire Change,538.88
SV00526,CSN-hMHO-49560,M017,S0255,2023-05-20,Battery Replacement,108.03
SV00527,CSN-CSwW-13844,M041,S0761,2023-01-01,Routine Maintenance,1334.15
SV00528,CSN-fkdh-18293,M016,S0919,2024-03-14,Repair,894.3
SV00529,CSN-qwal-39241,M006,S0284,2024-01-31,Repair,968.71
SV00530,CSN-qykh-42128,M049,S0168,2023-06-11,Inspection,1189.85
SV00531,CSN-AOem-03995,M017,S0384,2022-11-08,Tire Change,1219.03
SV00532,CSN-SCAn-05189,M016,S0256,2024-03-24,Battery Replacement,1974.66
SV00533,CSN-plIB-16396,M012,S0051,2023-06-13,Battery Replacement,1848.32
SV00534,CSN-pNoX-41599,M011,S0693,2022-06-09,Battery Replacement,1175.6
SV00535,CSN-Wuvl-24031,M047,S0375,2023-02-26,Battery Replacement,666.35
SV00536,CSN-dfRl-09349,M036,S0057,2023-12-17,Repair,385.36
SV00537,CSN-tCKw-50352,M033,S0982,2022-12-10,Inspection,1526.5
SV00538,CSN-EmNy-10733,M013,S0052,2023-01-05,Routine Maintenance,1316.91
SV00539,CSN-EwEl-48902,M004,S0579,2023-02-03,Repair,310.82
SV00540,CSN-Ecvu-50282,M031,S0748,2023-06-12,Battery Replacement,848.04
SV00541,CSN-AqQc-40796,M011,S0421,2023-04-11,Tire Change,1669.5
SV00542,CSN-yVwz-33098,M008,S0285,2023-05-13,Routine Maintenance,1053.57
SV00543,CSN-DeVS-29493,M024,S0631,2022-05-28,Inspection,1206.73
SV00544,CSN-wloG-54722,M049,S0010,2023-03-28,Battery Replacement,1708.94
SV00545,CSN-dOSl-91476,M018,S0282,2022-10-07,Routine Maintenance,1870.7
SV00546,CSN-XFBn-76160,M012,S0912,2022-09-14,Inspection,754.61
SV00547,CSN-pOod-59356,M043,S0995,2022-12-30,Tire Change,729.09
SV00548,CSN-LsyF-48245,M047,S0046,2022-12-02,Routine Maintenance,1055.83
SV00549,CSN-UwFy-74560,M050,S0761,2023-01-10,Routine Maintenance,1579.82
SV00550,CSN-oIBz-06761,M013,S0167,2022-06-20,Battery Replacement,1689.94
SV00551,CSN-dOqi-53420,M021,S0482,2023-04-19,Tire Change,316.36
SV00552,CSN-YipO-43210,M030,S0376,2023-10-23,Routine Maintenance,1085.85
SV00553,CSN-oqcy-19405,M036,S0329,2022-07-31,Routine Maintenance,1769.19
SV00554,CSN-XBfP-75151,M027,S0086,2022-07-20,Tire Change,769.32
SV00555,CSN-zjRG-62543,M031,S0729,2022-12-19,Tire Change,1120.94
SV00556,CSN-tJlc-24921,M006,S0002,2023-06-26,Repair,947.36
SV00557,CSN-bYfi-76929,M035,S0967,2022-04-05,Tire Change,307.33
SV00558,CSN-cBOK-96280,M040,S0306,2022-09-23,Routine Maintenance,75.39
SV00559,CSN-UUZV-55035,M035,S0972,2023-01-18,Battery Replacement,597.9
SV00560,CSN-mcrx-49553,M045,S0081,2022-12-16,Routine Maintenance,570.23
SV00561,CSN-KMSO-28782,M034,S0654,2023-01-09,Inspection,1328.15
SV00562,CSN-KxmM-57040,M050,S0420,2023-05-02,Tire Change,331.59
SV00563,CSN-nPjt-73488,M006,S0558,2023-11-11,Routine Maintenance,1612.02
SV00564,CSN-bbLU-48788,M021,S0865,2022-05-14,Battery Replacement,692.94
SV00565,CSN-IHat-94296,M018,S0754,2022-06-01,Routine Maintenance,1920.31
SV00566,CSN-yAwH-18103,M007,S0247,2022-09-08,Tire Change,1193.51
SV00567,CSN-Ahda-79561,M024,S0568,2022-08-31,Tire Change,318.81
SV00568,CSN-uUWA-00868,M047,S0958,2022-08-18,Tire Change,137.5
SV00569,CSN-vDRm-04050,M037,S0480,2022-08-05,Routine Maintenance,1174.45
SV00570,CSN-ruvk-77330,M005,S0622,2023-06-27,Inspection,1051.4
SV00571,CSN-bXec-86022,M002,S0104,2023-06-29,Routine Maintenance,1085.31
SV00572,CSN-Cavm-07547,M047,S0406,2023-12-31,Routine Maintenance,611.85
SV00573,CSN-gIiq-21180,M016,S0036,2022-09-19,Tire Change,1066.89
SV00574,CSN-bHjd-17776,M037,S0097,2022-05-03,Tire Change,1726.83
SV00575,CSN-hTaN-29291,M041,S0005,2023-10-14,Battery Replacement,329.75
SV00576,CSN-fBXN-45850,M010,S0716,2023-08-07,Battery Replacement,418.92
SV00577,CSN-bRFD-52370,M043,S0083,2023-03-29,Tire Change,1547.23
SV00578,CSN-KIVv-55305,M026,S0607,2023-10-18,Tire Change,1149.36
SV00579,CSN-JzmI-49088,M011,S0103,2022-09-08,Tire Change,970.47
SV00580,CSN-Pmie-86014,M033,S0883,2023-08-13,Repair,1596.04
SV00581,CSN-MRyc-86620,M017,S0422,2022-06-24,Tire Change,1374.13
SV00582,CSN-CPYL-27055,M017,S0204,2023-07-30,Routine Maintenance,1115.57
SV00583,CSN-HmMU-59751,M002,S0909,2023-12-25,Tire Change,530.35
SV00584,CSN-ovLT-73498,M017,S0993,2022-03-31,Tire Change,429.08
SV00585,CSN-IDIy-67314,M010,S0834,2022-05-22,Routine Maintenance,1855.0
SV00586,CSN-ldQr-16281,M017,S0334,2023-08-30,Inspection,611.92
SV00587,CSN-vpus-71783,M036,S0209,2022-10-19,Routine Maintenance,368.94
SV00588,CSN-AdXF-78032,M003,S0495,2023-03-27,Tire Change,239.7
SV00589,CSN-Ydoq-71194,M048,S0215,2023-08-17,Routine Maintenance,1552.41
SV00590,CSN-kDiy-17766,M036,S0601,2023-01-02,Repair,705.87
SV00591,CSN-fwGS-27097,M014,S0882,2023-03-18,Repair,1182.08
SV00592,CSN-zwJJ-10604,M029,S0156,2023-02-14,Battery Replacement,967.8
SV00593,CSN-zlmX-78156,M026,S0720,2023-09-22,Tire Change,929.64
SV00594,CSN-osHi-08975,M017,S0034,2023-02-03,Routine Maintenance,836.05
SV00595,CSN-vsjx-91921,M037,S0888,2024-03-12,Tire Change,780.37
SV00596,CSN-JBwq-92027,M050,S0714,2024-02-21,Battery Replacement,407.74
SV00597,CSN-Orvr-42594,M047,S0534,2023-01-02,Repair,1687.68
SV00598,CSN-cTSB-40657,M035,S0375,2023-10-05,Inspection,1406.92
SV00599,CSN-jiPX-07503,M025,S0929,2024-02-08,Routine Maintenance,443.11
SV00600,CSN-Sxgh-90350,M001,S0027,2023-05-24,Inspection,695.62
SV00601,CSN-RrSL-62116,M033,S0731,2022-07-15,Routine Maintenance,730.67
SV00602,CSN-tWcD-62345,M010,S0831,2023-05-14,Inspection,90.24
SV00603,CSN-PYJF-08664,M043,S0589,2022-06-25,Tire Change,710.55
SV00604,CSN-SGtS-52449,M022,S0888,2023-01-21,Battery Replacement,1658.34
SV00605,CSN-jTcT-04549,M014,S0482,2024-01-11,Repair,1285.79
SV00606,CSN-VMjx-66320,M009,S0248,2023-12-14,Inspection,460.63
SV00607,CSN-pomY-53895,M046,S0938,2023-08-18,Inspection,624.01
SV00608,CSN-VbOE-35925,M048,S0092,2022-06-25,Inspection,949.63
SV00609,CSN-OtAr-97502,M023,S0774,2023-12-18,Routine Maintenance,1805.02
SV00610,CSN-eIZb-11887,M006,S0729,2024-03-04,Inspection,206.93
SV00611,CSN-CrXx-87730,M048,S0925,2023-05-24,Tire Change,1032.77
SV00612,CSN-KNod-27846,M009,S0205,2022-08-29,Tire Change,526.15
SV00613,CSN-EMsp-47494,M020,S0389,2023-11-06,Routine Maintenance,1929.31
SV00614,CSN-MpYf-01019,M011,S0650,2023-03-31,Tire Change,624.05
SV00615,CSN-mzSY-43879,M026,S0047,2023-03-08,Battery Replacement,1138.26
SV00616,CSN-OQDj-78189,M021,S0545,2024-02-02,Battery Replacement,913.9
SV00617,CSN-bDjj-66197,M043,S0845,2022-12-01,Battery Replacement,284.0
SV00618,CSN-QEIj-76252,M024,S0395,2023-11-18,Repair,654.78
SV00619,CSN-wmQY-32363,M039,S0815,2022-06-16,Routine Maintenance,1308.58
SV00620,CSN-QqMP-35283,M017,S0845,2023-09-18,Routine Maintenance,259.02
SV00621,CSN-YHmD-83449,M002,S0803,2023-04-12,Inspection,1803.89
SV00622,CSN-nZSP-89071,M048,S0462,2023-12-02,Tire Change,813.96
SV00623,CSN-UUxf-50573,M042,S0875,2022-08-12,Inspection,1058.01
SV00624,CSN-bKgU-82355,M041,S0086,2022-04-27,Inspection,1906.17
SV00625,CSN-wsdm-12159,M003,S0272,2023-12-03,Inspection,661.93
SV00626,CSN-YzgU-92402,M003,S0649,2023-01-06,Tire Change,418.63
SV00627,CSN-oYvY-34894,M004,S0880,2022-08-31,Battery Replacement,270.33
SV00628,CSN-wXCG-48004,M034,S0813,2023-11-10,Repair,106.41
SV00629,CSN-dHLr-21611,M013,S0340,2022-10-14,Tire Change,550.07
SV00630,CSN-twfF-96130,M026,S0701,2023-03-22,Routine Maintenance,1225.95
SV00631,CSN-Ehsd-86248,M017,S0792,2022-05-09,Inspection,1238.67
SV00632,CSN-FWiU-25699,M015,S0853,2022-04-06,Routine Maintenance,399.51
SV00633,CSN-PYnF-70357,M033,S0395,2024-03-06,Tire Change,1621.73
SV00634,CSN-sOZA-84727,M025,S0954,2022-06-03,Battery Replacement,1605.14
SV00635,CSN-kPkn-27386,M017,S0938,2022-10-13,Battery Replacement,818.25
SV00636,CSN-ysIz-85019,M015,S0987,2023-02-07,Inspection,218.92
SV00637,CSN-PRYm-35892,M007,S0511,2022-04-11,Repair,984.79
SV00638,CSN-nwvG-13326,M047,S0174,2023-07-01,Tire Change,1111.33
SV00639,CSN-CnvB-66932,M033,S0820,2022-04-11,Tire Change,564.29
SV00640,CSN-EdEZ-49220,M027,S0450,2023-05-05,Battery Replacement,1990.69
SV00641,CSN-KKNn-80338,M035,S0262,2023-09-13,Battery Replacement,534.97
SV00642,CSN-IYtF-82094,M005,S0499,2023-10-07,Tire Change,91.85
SV00643,CSN-JySn-65078,M029,S0575,2022-04-23,Tire Change,1364.71
SV00644,CSN-syLC-05458,M024,S0364,2022-06-16,Inspection,1649.06
SV00645,CSN-sMxk-11540,M033,S0183,2023-07-30,Tire Change,1781.06
SV00646,CSN-rqta-91879,M017,S0363,2022-10-18,Routine Maintenance,1480.51
SV00647,CSN-fJhO-41654,M014,S0196,2022-07-15,Repair,959.7
SV00648,CSN-djDu-39744,M011,S0416,2023-10-23,Repair,1271.65
SV00649,CSN-DRao-07844,M038,S0122,2022-09-27,Routine Maintenance,1842.66
SV00650,CSN-cuDU-24211,M011,S0015,2023-08-04,Inspection,221.0
SV00651,CSN-jLJq-19758,M049,S0312,2022-09-08,Repair,223.32
SV00652,CSN-Pqze-57602,M018,S0452,2022-11-04,Inspection,495.04
SV00653,CSN-wXTP-41677,M018,S0728,2024-03-19,Inspection,718.9
SV00654,CSN-VmzB-47578,M012,S0045,2023-12-01,Routine Maintenance,86.59
SV00655,CSN-DjIW-55525,M038,S0059,2022-06-03,Battery Replacement,887.95
SV00656,CSN-OzFv-70554,M046,S0509,2022-09-07,Routine Maintenance,1863.82
SV00657,CSN-ejIq-83381,M016,S0328,2023-10-20,Inspection,1558.67
SV00658,CSN-fmQz-93559,M049,S0298,2024-03-19,Inspection,1920.22
SV00659,CSN-fxxw-13425,M033,S0915,2023-01-17,Battery Replacement,1143.78
SV00660,CSN-vBGa-32242,M028,S0583,2023-10-21,Battery Replacement,656.75
SV00661,CSN-gVmF-73694,M014,S0266,2023-04-27,Tire Change,1988.33
SV00662,CSN-Thlk-96339,M028,S0258,2024-01-17,Routine Maintenance,219.77
SV00663,CSN-elyb-83547,M013,S0749,2022-11-12,Inspection,1099.63
SV00664,CSN-xVwU-14993,M025,S0828,2023-02-10,Battery Replacement,1608.27
SV00665,CSN-jReC-56295,M040,S0174,2022-05-17,Routine Maintenance,1131.11
SV00666,CSN-Swrf-97503,M008,S0800,2024-01-17,Routine Maintenance,289.54
SV00667,CSN-rPCX-09623,M037,S0749,2022-05-15,Routine Maintenance,1446.43
SV00668,CSN-rtEo-21360,M040,S0851,2022-05-31,Tire Change,1003.99
SV00669,CSN-dhoh-10107,M045,S0089,2022-07-05,Battery Replacement,306.05
SV00670,CSN-PDvb-44502,M012,S0898,2023-04-09,Tire Change,1780.57
SV00671,CSN-corR-06822,M009,S0433,2023-05-12,Tire Change,470.87
SV00672,CSN-IMES-25706,M004,S0130,2023-06-16,Routine Maintenance,622.54
SV00673,CSN-lCgf-06656,M012,S0384,2023-11-19,Repair,631.36
SV00674,CSN-YpIs-10891,M036,S0836,2024-02-15,Battery Replacement,1976.03
SV00675,CSN-CHLE-76474,M044,S0276,2024-02-10,Battery Replacement,1095.28
SV00676,CSN-AgeR-83895,M033,S0239,2023-06-03,Tire Change,815.38
SV00677,CSN-FVHk-84545,M050,S0017,2022-07-04,Battery Replacement,94.62
SV00678,CSN-wezC-75697,M029,S0694,2023-09-02,Battery Replacement,1351.97
SV00679,CSN-FjyB-69316,M049,S0333,2024-03-27,Tire Change,773.71
SV00680,CSN-Iald-57852,M025,S0469,2023-09-23,Tire Change,837.48
SV00681,CSN-qgEH-04704,M046,S0554,2022-09-20,Repair,1283.55
SV00682,CSN-sitl-56288,M011,S0650,2024-01-03,Battery Replacement,768.83
SV00683,CSN-mPso-68251,M007,S0432,2023-02-03,Battery Replacement,1985.71
SV00684,CSN-bptQ-24663,M026,S0894,2023-03-07,Battery Replacement,917.09
SV00685,CSN-dHtb-92602,M016,S0694,2023-12-21,Tire Change,351.38
SV00686,CSN-fFHZ-82348,M012,S0383,2022-12-06,Tire Change,1791.99
SV00687,CSN-SGYG-99698,M013,S0030,2023-10-29,Tire Change,1313.74
SV00688,CSN-Qtzn-72842,M039,S0968,2022-07-22,Inspection,494.9
SV00689,CSN-eRLW-91737,M035,S0077,2022-07-27,Inspection,595.53
SV00690,CSN-nRsS-86422,M019,S0036,2022-07-23,Repair,609.75
SV00691,CSN-ZFdZ-05080,M013,S0433,2023-04-06,Routine Maintenance,1976.45
SV00692,CSN-YUZf-54744,M016,S0329,2023-08-11,Routine Maintenance,492.17
SV00693,CSN-nqAx-42554,M013,S0838,2024-03-24,Tire Change,1780.55
SV00694,CSN-Qbsv-55252,M048,S0608,2023-03-17,Battery Replacement,648.44
SV00695,CSN-vpJB-09361,M009,S0514,2023-10-11,Tire Change,914.9
SV00696,CSN-UEeg-27250,M028,S0350,2022-06-11,Inspection,1076.37
SV00697,CSN-kGTQ-57062,M044,S0144,2023-10-24,Tire Change,1387.21
SV00698,CSN-xZvY-40218,M030,S0728,2022-10-01,Routine Maintenance,224.83
SV00699,CSN-nenh-71356,M022,S0686,2022-12-05,Inspection,642.6
SV00700,CSN-YaJb-52101,M018,S0597,2023-10-24,Inspection,1199.85
SV00701,CSN-mRkF-74064,M032,S0366,2023-03-06,Inspection,1569.62
SV00702,CSN-zXCr-13525,M008,S0924,2022-09-20,Routine Maintenance,611.98
SV00703,CSN-eaTt-07313,M027,S0580,2023-07-20,Tire Change,1714.65
SV00704,CSN-ycAC-25958,M048,S0323,2022-09-22,Routine Maintenance,357.18
SV00705,CSN-iLYM-61738,M012,S0848,2023-07-17,Tire Change,1733.36
SV00706,CSN-neRh-80629,M046,S0324,2022-03-29,Inspection,885.41
SV00707,CSN-vQYl-35438,M006,S0559,2024-01-03,Battery Replacement,476.05
SV00708,CSN-qixV-41543,M016,S0089,2022-09-16,Battery Replacement,767.61
SV00709,CSN-LXQp-41304,M024,S0948,2023-11-17,Inspection,1125.23
SV00710,CSN-LGyL-59642,M007,S0240,2023-01-17,Battery Replacement,1582.84
SV00711,CSN-EGZh-94498,M027,S0147,2022-07-26,Inspection,1945.81
SV00712,CSN-QswM-66191,M025,S0012,2023-02-07,Routine Maintenance,348.12
SV00713,CSN-ysqf-54333,M048,S0049,2024-01-13,Tire Change,999.19
SV00714,CSN-nHIk-03978,M011,S0948,2023-04-18,Inspection,1906.68
SV00715,CSN-FcxY-24895,M011,S0377,2022-10-07,Inspection,1302.35
SV00716,CSN-ypLj-29211,M045,S0954,2022-07-01,Battery Replacement,263.56
SV00717,CSN-CEdE-14162,M032,S0423,2022-07-29,Routine Maintenance,1068.73
SV00718,CSN-FveZ-73964,M002,S0491,2023-05-28,Routine Maintenance,1210.72
SV00719,CSN-pFaf-27890,M050,S0408,2022-05-25,Routine Maintenance,1465.01
SV00720,CSN-NxaC-28916,M009,S0259,2023-01-24,Inspection,541.97
SV00721,CSN-Itav-15256,M009,S0250,2024-02-16,Inspection,762.48
SV00722,CSN-EXfv-15163,M013,S0584,2022-06-04,Routine Maintenance,177.31
SV00723,CSN-eRwa-07498,M028,S0320,2023-08-25,Routine Maintenance,709.7
SV00724,CSN-mFqq-20179,M013,S0240,2024-01-04,Routine Maintenance,786.02
SV00725,CSN-PdoP-30074,M005,S0376,2023-12-29,Inspection,1222.07
SV00726,CSN-BHbL-89376,M005,S0689,2022-07-24,Battery Replacement,562.9
SV00727,CSN-FBxa-46088,M012,S0834,2023-09-27,Routine Maintenance,1218.03
SV00728,CSN-Ocoh-84717,M011,S0628,2022-12-05,Inspection,119.59
SV00729,CSN-dlON-53298,M030,S0225,2022-04-05,Routine Maintenance,578.53
SV00730,CSN-fVkN-31708,M002,S0324,2022-06-18,Inspection,61.26
SV00731,CSN-KJmM-43130,M046,S0956,2022-09-12,Tire Change,933.0
SV00732,CSN-fuRc-28348,M033,S0022,2023-02-28,Repair,1955.52
SV00733,CSN-guFW-65190,M043,S0009,2023-10-23,Tire Change,1078.5
SV00734,CSN-vFyT-91013,M020,S0875,2024-01-13,Repair,1480.53
SV00735,CSN-Etgz-80240,M009,S0317,2023-11-18,Tire Change,1574.31
SV00736,CSN-Xdss-89603,M025,S0451,2023-08-25,Routine Maintenance,649.31
SV00737,CSN-gaOq-44750,M025,S0123,2023-01-08,Inspection,440.13
SV00738,CSN-LZdj-80727,M044,S0796,2023-05-15,Routine Maintenance,564.06
SV00739,CSN-miZu-16806,M031,S0692,2023-03-23,Routine Maintenance,987.1
SV00740,CSN-Zeze-63464,M034,S0689,2023-07-19,Tire Change,923.9
SV00741,CSN-owkY-12169,M009,S0269,2023-04-21,Tire Change,287.04
SV00742,CSN-aVUN-95391,M050,S0264,2024-03-04,Tire Change,1026.71
SV00743,CSN-aCmv-51769,M028,S0371,2023-05-20,Battery Replacement,1899.6
SV00744,CSN-ssqw-88657,M013,S0303,2022-09-22,Inspection,520.09
SV00745,CSN-xKvW-31125,M009,S0488,2022-04-27,Inspection,1191.01
SV00746,CSN-qDeE-43303,M045,S0410,2022-07-24,Battery Replacement,478.66
SV00747,CSN-uAYZ-34465,M019,S0521,2022-05-14,Inspection,821.01
SV00748,CSN-VDdL-15253,M031,S0085,2023-01-04,Inspection,1202.01
SV00749,CSN-gccD-58442,M037,S0932,2022-09-28,Tire Change,1790.26
SV00750,CSN-FqVG-91321,M043,S0135,2022-07-29,Repair,931.97
SV00751,CSN-AMvA-96913,M047,S0437,2023-07-16,Battery Replacement,1075.34
SV00752,CSN-FYTW-75763,M026,S0769,2023-05-30,Inspection,449.89
SV00753,CSN-SEJd-92766,M042,S0311,2022-06-11,Inspection,687.81
SV00754,CSN-HknA-68685,M002,S0067,2022-04-04,Inspection,1517.53
SV00755,CSN-xNnW-34597,M050,S0745,2024-03-16,Battery Replacement,877.86
SV00756,CSN-lvvW-22422,M025,S0443,2023-01-27,Battery Replacement,1326.8
SV00757,CSN-MwWM-33838,M027,S0323,2023-03-18,Tire Change,1727.6
SV00758,CSN-tHjj-23019,M005,S0823,2023-05-05,Tire Change,1919.77
SV00759,CSN-gDZA-40882,M007,S0467,2022-08-18,Battery Replacement,1196.68
SV00760,CSN-LlKY-54386,M017,S0766,2022-08-13,Tire Change,1606.67
SV00761,CSN-bELp-03623,M031,S0280,2023-09-19,Battery Replacement,1763.14
SV00762,CSN-LuEX-55432,M001,S0779,2022-06-17,Battery Replacement,1830.37
SV00763,CSN-SHnd-83680,M031,S0699,2023-10-29,Repair,1150.34
SV00764,CSN-uaca-51464,M021,S0932,2022-06-28,Routine Maintenance,1038.62
SV00765,CSN-rdYU-47796,M015,S0897,2024-02-13,Repair,1563.73
SV00766,CSN-weLb-27972,M047,S0885,2023-12-21,Routine Maintenance,1926.68
SV00767,CSN-ZWxK-82407,M017,S0865,2023-09-13,Battery Replacement,364.14
SV00768,CSN-gNEc-42802,M032,S0798,2023-11-10,Tire Change,1355.79
SV00769,CSN-egXL-62892,M033,S0678,2023-06-24,Tire Change,737.51
SV00770,CSN-qMzK-50177,M027,S0829,2023-12-16,Inspection,994.86
SV00771,CSN-Qwyz-44538,M039,S0991,2023-08-04,Repair,1677.54
SV00772,CSN-wTkl-74546,M045,S0315,2024-02-15,Routine Maintenance,353.18
SV00773,CSN-PwMV-86654,M034,S0035,2022-06-13,Inspection,1396.52
SV00774,CSN-bozs-03188,M028,S0736,2023-07-30,Tire Change,646.86
SV00775,CSN-spLZ-74724,M034,S0147,2022-12-23,Battery Replacement,1988.25
SV00776,CSN-rEdT-92298,M041,S0968,2023-01-05,Battery Replacement,559.42
SV00777,CSN-DQER-86030,M042,S0759,2024-01-17,Routine Maintenance,1928.52
SV00778,CSN-OMcE-10163,M019,S0610,2023-09-11,Routine Maintenance,135.46
SV00779,CSN-nrXq-33203,M032,S0360,2023-11-01,Repair,920.58
SV00780,CSN-pkwf-53952,M007,S0703,2022-06-14,Tire Change,1393.41
SV00781,CSN-yTbm-19983,M027,S0920,2023-04-21,Routine Maintenance,1290.12
SV00782,CSN-xksh-71916,M013,S0434,2023-08-23,Repair,926.96
SV00783,CSN-TzQI-06446,M017,S0941,2022-11-25,Tire Change,1984.58
SV00784,CSN-oDIH-45760,M030,S0608,2022-10-03,Tire Change,777.81
SV00785,CSN-zuvJ-50277,M011,S0547,2023-04-13,Routine Maintenance,1091.58
SV00786,CSN-wvoT-52615,M030,S0948,2023-07-29,Repair,923.95
SV00787,CSN-uKrv-61221,M027,S0092,2022-07-16,Battery Replacement,448.53
SV00788,CSN-isQu-19001,M003,S0502,2023-10-20,Battery Replacement,1692.15
SV00789,CSN-fCYW-74643,M026,S0440,2022-12-04,Inspection,1530.83
SV00790,CSN-JyDV-79577,M038,S0737,2023-01-03,Battery Replacement,284.38
SV00791,CSN-anRp-78361,M009,S0203,2023-08-18,Routine Maintenance,1135.3
SV00792,CSN-JRcL-66634,M040,S0264,2023-04-14,Routine Maintenance,1376.43
SV00793,CSN-SCiH-02525,M018,S0174,2023-12-14,Routine Maintenance,109.36
SV00794,CSN-AZuO-06625,M041,S0520,2024-02-27,Repair,1610.96
SV00795,CSN-wfcJ-53591,M007,S0125,2023-04-28,Repair,1145.53
SV00796,CSN-nyZM-67404,M004,S0096,2022-04-09,Battery Replacement,1322.68
SV00797,CSN-ijQY-54539,M015,S0571,2023-09-02,Inspection,1226.67
SV00798,CSN-xQSu-01105,M014,S0754,2022-09-28,Routine Maintenance,208.04
SV00799,CSN-KtxQ-63128,M033,S0279,2022-11-09,Repair,1789.38
SV00800,CSN-PDVo-37098,M010,S0773,2022-12-13,Routine Maintenance,1541.37
SV00801,CSN-bkmc-39889,M038,S0048,2022-05-29,Repair,126.96
SV00802,CSN-oIyM-41214,M047,S0923,2024-02-24,Battery Replacement,1568.16
SV00803,CSN-xpes-20616,M008,S0523,2022-04-02,Routine Maintenance,1198.07
SV00804,CSN-UjYP-26469,M012,S0966,2022-07-22,Tire Change,1330.26
SV00805,CSN-KRZS-96836,M035,S0831,2023-06-15,Battery Replacement,1739.45
SV00806,CSN-wpxy-40269,M020,S0636,2023-08-20,Inspection,1099.13
SV00807,CSN-XIcK-90940,M027,S0934,2023-12-19,Routine Maintenance,384.41
SV00808,CSN-NsAt-73285,M015,S0765,2022-06-27,Battery Replacement,1520.44
SV00809,CSN-ekaP-38762,M044,S0741,2024-03-11,Inspection,1734.04
SV00810,CSN-EcOH-35546,M013,S0643,2022-11-03,Repair,1158.67
SV00811,CSN-AQCi-74818,M028,S0716,2024-01-24,Routine Maintenance,1736.6
SV00812,CSN-iOlt-86798,M023,S0279,2022-04-23,Routine Maintenance,1196.96
SV00813,CSN-jakS-81510,M003,S0224,2022-06-08,Repair,703.04
SV00814,CSN-zUbB-80582,M002,S0330,2022-07-24,Tire Change,1162.08
SV00815,CSN-bUPX-66191,M046,S0041,2023-03-11,Inspection,959.49
SV00816,CSN-tYOU-89392,M027,S0467,2022-04-14,Routine Maintenance,1465.4
SV00817,CSN-PObg-80767,M050,S0161,2022-06-12,Repair,266.58
SV00818,CSN-sbZn-18715,M024,S0503,2023-01-27,Repair,1525.72
SV00819,CSN-NOTX-84551,M004,S0814,2023-09-01,Routine Maintenance,650.59
SV00820,CSN-HXKA-39522,M021,S0973,2023-10-09,Routine Maintenance,363.52
SV00821,CSN-hIOP-68090,M028,S0584,2023-05-06,Battery Replacement,716.24
SV00822,CSN-XomD-34189,M022,S0611,2022-09-11,Tire Change,1416.23
SV00823,CSN-qxmp-50508,M036,S0846,2022-10-25,Repair,1668.96
SV00824,CSN-WlnV-98978,M024,S0622,2023-08-09,Routine Maintenance,1956.69
SV00825,CSN-nNyS-79871,M001,S0328,2022-07-23,Battery Replacement,186.42
SV00826,CSN-SLIe-25162,M023,S0568,2022-09-17,Battery Replacement,1622.07
SV00827,CSN-nLXa-12487,M048,S0305,2023-07-16,Inspection,74.1
SV00828,CSN-XiEX-01691,M019,S0806,2023-02-24,Inspection,1929.12
SV00829,CSN-Olqa-72533,M005,S0510,2022-11-22,Routine Maintenance,1803.8
SV00830,CSN-TkSz-13791,M029,S0530,2023-02-07,Repair,1142.97
SV00831,CSN-XVbl-03669,M049,S0440,2023-10-31,Battery Replacement,1258.31
SV00832,CSN-nuCM-48292,M044,S0510,2022-09-10,Tire Change,919.67
SV00833,CSN-yDkb-57721,M027,S0039,2023-05-08,Repair,1731.53
SV00834,CSN-BxGR-49051,M041,S0538,2023-10-02,Routine Maintenance,400.52
SV00835,CSN-pLdP-36077,M013,S0443,2022-10-24,Inspection,1553.87
SV00836,CSN-vUHF-27478,M017,S0338,2022-08-15,Inspection,336.52
SV00837,CSN-omXS-84047,M025,S0358,2022-12-18,Tire Change,333.3
SV00838,CSN-Yvra-30023,M023,S0305,2023-05-05,Inspection,1274.91
SV00839,CSN-oMhS-34688,M010,S0774,2022-09-01,Inspection,1317.86
SV00840,CSN-qpll-40671,M032,S0962,2023-10-12,Inspection,650.89
SV00841,CSN-zaZh-31938,M027,S0617,2024-03-22,Inspection,1536.77
SV00842,CSN-Nphw-40968,M031,S0479,2023-08-24,Inspection,237.61
SV00843,CSN-UhNy-91317,M019,S0387,2023-05-12,Inspection,1107.48
SV00844,CSN-wZkX-91947,M013,S0046,2023-11-27,Inspection,1409.99
SV00845,CSN-qoFE-04188,M044,S0183,2023-07-27,Repair,1451.8
SV00846,CSN-owAZ-99691,M033,S0161,2023-05-27,Inspection,318.91
SV00847,CSN-tGUb-67032,M041,S0453,2022-06-25,Battery Replacement,1588.1
SV00848,CSN-YyTB-88899,M037,S0708,2024-02-14,Battery Replacement,235.69
SV00849,CSN-gTfo-43708,M010,S0593,2022-05-11,Tire Change,1609.34
SV00850,CSN-XIDZ-44412,M010,S0226,2024-03-20,Repair,711.68
SV00851,CSN-GKMd-44789,M015,S0954,2023-12-04,Repair,326.75
SV00852,CSN-pUua-01600,M024,S0456,2023-12-01,Inspection,596.33
SV00853,CSN-Mazs-69614,M010,S0628,2022-06-10,Inspection,1480.62
SV00854,CSN-ozbY-98332,M003,S0344,2023-07-15,Inspection,725.42
SV00855,CSN-GvZI-56680,M002,S0118,2023-08-19,Tire Change,1545.94
SV00856,CSN-iZWd-02979,M026,S0486,2023-08-11,Battery Replacement,591.46
SV00857,CSN-qPdY-15199,M031,S0105,2024-01-09,Routine Maintenance,1508.09
SV00858,CSN-PsdW-34167,M005,S0704,2022-04-21,Repair,1595.81
SV00859,CSN-htwt-79751,M038,S0025,2023-10-13,Inspection,657.75
SV00860,CSN-HnIU-02053,M028,S0962,2022-05-07,Routine Maintenance,280.76
SV00861,CSN-Hcav-31528,M026,S0343,2023-02-18,Inspection,1354.59
SV00862,CSN-tkyW-65521,M025,S0814,2022-09-16,Tire Change,356.12
SV00863,CSN-wQXR-49578,M029,S0145,2023-10-22,Routine Maintenance,875.93
SV00864,CSN-nuIa-64701,M013,S0128,2022-07-17,Repair,827.3
SV00865,CSN-HOkw-61477,M048,S0840,2024-01-17,Repair,896.27
SV00866,CSN-uBFI-24256,M048,S0223,2022-09-08,Inspection,1746.28
SV00867,CSN-uuON-27257,M047,S0394,2023-09-22,Battery Replacement,914.73
SV00868,CSN-TCPd-14010,M021,S0402,2023-10-01,Routine Maintenance,1669.72
SV00869,CSN-iyrh-44587,M033,S0801,2022-07-03,Inspection,1887.23
SV00870,CSN-WBPz-20235,M042,S0401,2023-05-28,Battery Replacement,1954.32
SV00871,CSN-Trrm-84266,M031,S0415,2022-11-16,Tire Change,85.34
SV00872,CSN-PieS-04749,M031,S0545,2023-10-04,Routine Maintenance,1838.23
SV00873,CSN-PWGS-52892,M006,S0685,2023-02-01,Battery Replacement,618.41
SV00874,CSN-gjIi-75046,M044,S0183,2023-06-06,Battery Replacement,655.44
SV00875,CSN-ndKJ-52811,M021,S0206,2023-09-20,Repair,1363.98
SV00876,CSN-PKRP-24935,M049,S0467,2024-02-17,Routine Maintenance,1640.47
SV00877,CSN-IcGZ-94230,M011,S0612,2023-06-14,Repair,1533.95
SV00878,CSN-CWLN-76170,M023,S0443,2022-11-08,Battery Replacement,1208.73
SV00879,CSN-AxJY-90745,M025,S0628,2022-09-09,Inspection,654.11
SV00880,CSN-ixQC-48215,M022,S0474,2024-02-06,Battery Replacement,333.7
SV00881,CSN-hScT-70843,M015,S0975,2023-10-19,Inspection,1428.25
SV00882,CSN-lufM-10124,M049,S0173,2022-05-10,Repair,1468.76
SV00883,CSN-VAGU-87420,M014,S0890,2022-12-10,Repair,1934.4
SV00884,CSN-ZFLE-31062,M033,S0458,2023-04-03,Routine Maintenance,547.83
SV00885,CSN-FFHO-76074,M014,S0176,2022-10-14,Tire Change,1438.4
SV00886,CSN-VibJ-11650,M045,S0991,2022-06-24,Battery Replacement,1245.77
SV00887,CSN-sWIF-68678,M034,S0921,2024-02-05,Repair,317.2
SV00888,CSN-XxJa-70705,M001,S0552,2022-10-19,Repair,922.51
SV00889,CSN-bzGu-17913,M025,S0778,2022-04-03,Repair,977.32
SV00890,CSN-jTud-60902,M016,S0511,2022-07-27,Routine Maintenance,1116.01
SV00891,CSN-Hbzv-47084,M015,S0475,2023-08-19,Tire Change,1303.19
SV00892,CSN-VAUa-85690,M014,S0552,2022-05-09,Battery Replacement,1240.33
SV00893,CSN-rafg-21415,M048,S0920,2022-09-29,Repair,81.41
SV00894,CSN-FlOO-15674,M013,S0268,2024-02-12,Battery Replacement,980.63
SV00895,CSN-sLRT-17107,M014,S0744,2023-08-04,Routine Maintenance,83.12
SV00896,CSN-cTqt-46939,M050,S0095,2022-10-04,Battery Replacement,203.01
SV00897,CSN-ymRD-66668,M035,S0791,2022-09-01,Repair,1584.1
SV00898,CSN-vjJZ-92089,M041,S0661,2022-04-06,Repair,602.7
SV00899,CSN-ZpAT-15522,M016,S0757,2022-04-04,Inspection,1636.51
SV00900,CSN-QFxx-48669,M043,S0846,2022-10-13,Repair,145.15
SV00901,CSN-omnH-16488,M003,S1000,2024-02-28,Repair,1573.84
SV00902,CSN-WczP-46375,M045,S0374,2022-07-07,Inspection,370.86
SV00903,CSN-Jpnq-80766,M025,S0213,2022-09-11,Battery Replacement,1871.51
SV00904,CSN-nFIE-34818,M049,S0807,2023-12-09,Tire Change,440.44
SV00905,CSN-ItsY-49119,M046,S0044,2022-09-25,Routine Maintenance,121.91
SV00906,CSN-GhDl-72387,M021,S0121,2023-05-22,Tire Change,1861.89
SV00907,CSN-ICJr-81409,M049,S0730,2022-06-04,Routine Maintenance,1876.39
SV00908,CSN-IPYQ-70336,M035,S0733,2022-07-15,Repair,1410.06
SV00909,CSN-YYws-49109,M009,S0627,2022-07-23,Tire Change,315.32
SV00910,CSN-SObY-31448,M046,S0286,2022-04-06,Battery Replacement,1426.15
SV00911,CSN-yOuT-84879,M002,S0440,2024-03-08,Tire Change,163.8
SV00912,CSN-nwVv-23736,M015,S0594,2023-07-30,Inspection,1080.34
SV00913,CSN-TRqM-52717,M045,S0273,2023-07-20,Routine Maintenance,1367.05
SV00914,CSN-nZaC-85017,M035,S0010,2022-09-19,Routine Maintenance,1869.02
SV00915,CSN-lIrk-22621,M013,S0373,2023-06-05,Repair,1123.73
SV00916,CSN-CaOH-56339,M042,S0211,2022-08-18,Routine Maintenance,1922.0
SV00917,CSN-Xbwn-56771,M001,S0072,2023-09-25,Battery Replacement,1638.93
SV00918,CSN-AzdB-63654,M049,S0177,2022-07-25,Repair,1623.34
SV00919,CSN-QjUO-19261,M012,S0842,2023-08-11,Battery Replacement,734.61
SV00920,CSN-yjLE-24518,M005,S0844,2022-08-05,Inspection,1141.56
SV00921,CSN-pDWD-50407,M016,S0381,2023-02-07,Repair,229.53
SV00922,CSN-lhCg-79923,M002,S0918,2023-03-29,Repair,732.79
SV00923,CSN-bvux-68427,M032,S0731,2022-06-28,Routine Maintenance,522.46
SV00924,CSN-SaDO-97402,M042,S0498,2022-04-25,Tire Change,848.23
SV00925,CSN-kUqh-05541,M020,S0789,2024-01-31,Inspection,1284.02
SV00926,CSN-SSqa-99636,M026,S0754,2023-08-21,Tire Change,1340.03
SV00927,CSN-WiXr-57496,M022,S0035,2023-02-26,Routine Maintenance,1670.51
SV00928,CSN-pChj-09042,M024,S0788,2023-01-23,Routine Maintenance,769.34
SV00929,CSN-They-91636,M038,S0905,2022-12-24,Battery Replacement,821.78
SV00930,CSN-ecNi-49796,M044,S0699,2024-01-30,Repair,718.95
SV00931,CSN-qvnD-77247,M038,S0815,2024-01-15,Routine Maintenance,854.35
SV00932,CSN-qQaK-69638,M029,S0609,2023-05-22,Tire Change,146.82
SV00933,CSN-HXva-30325,M026,S0578,2022-08-07,Battery Replacement,1172.46
SV00934,CSN-mDSZ-80872,M003,S0445,2023-05-26,Repair,626.97
SV00935,CSN-OIRA-04362,M030,S0271,2022-10-19,Repair,1735.24
SV00936,CSN-ixKn-20833,M014,S0603,2022-08-27,Battery Replacement,409.65
SV00937,CSN-VbJR-22341,M050,S0897,2023-08-01,Inspection,1470.82
SV00938,CSN-mtaG-14454,M027,S0045,2023-05-31,Battery Replacement,855.69
SV00939,CSN-shDO-09089,M017,S0801,2023-01-14,Battery Replacement,639.91
SV00940,CSN-amnl-83891,M030,S0425,2022-08-27,Tire Change,541.65
SV00941,CSN-jThR-38912,M018,S0994,2023-02-10,Repair,1392.5
SV00942,CSN-CKCW-44670,M041,S0234,2022-11-04,Routine Maintenance,80.24
SV00943,CSN-CCyP-02942,M043,S0186,2022-04-21,Repair,232.62
SV00944,CSN-uHIU-73290,M007,S0665,2022-12-08,Tire Change,1765.91
SV00945,CSN-vYjO-04732,M007,S0323,2023-08-26,Repair,1270.98
SV00946,CSN-rbwS-22693,M005,S0460,2023-02-05,Inspection,1188.26
SV00947,CSN-EWHh-98903,M002,S0137,2022-09-10,Tire Change,744.19
SV00948,CSN-FHvX-62149,M041,S0101,2023-03-02,Battery Replacement,1539.1
SV00949,CSN-rDos-47668,M001,S0342,2023-03-23,Inspection,822.81
SV00950,CSN-JUZL-99300,M046,S0579,2023-09-14,Tire Change,1313.94
SV00951,CSN-zhWG-21478,M011,S0774,2022-07-09,Tire Change,458.99
SV00952,CSN-pnkx-79674,M038,S0775,2023-03-29,Battery Replacement,946.52
SV00953,CSN-BbgO-11637,M047,S0075,2022-04-13,Routine Maintenance,1057.65
SV00954,CSN-axra-09001,M004,S0589,2022-10-11,Routine Maintenance,931.48
SV00955,CSN-EUjU-85320,M039,S0288,2023-03-24,Battery Replacement,701.76
SV00956,CSN-lchn-30913,M018,S0652,2022-06-18,Repair,573.81
SV00957,CSN-OXlJ-51860,M016,S0550,2024-02-04,Inspection,879.34
SV00958,CSN-puTZ-65632,M043,S0659,2023-11-25,Tire Change,1344.78
SV00959,CSN-obiR-78476,M028,S0343,2023-11-23,Tire Change,1060.84
SV00960,CSN-DtGV-43283,M050,S0465,2024-03-25,Battery Replacement,1367.11
SV00961,CSN-KXSp-41904,M025,S0328,2023-10-27,Routine Maintenance,733.22
SV00962,CSN-AjOz-89566,M023,S0328,2022-09-22,Battery Replacement,1383.59
SV00963,CSN-PIVi-74022,M020,S0516,2023-03-27,Inspection,120.88
SV00964,CSN-DEWd-56935,M011,S0349,2023-06-17,Routine Maintenance,360.99
SV00965,CSN-gQOW-68673,M036,S0994,2023-02-16,Battery Replacement,959.24
SV00966,CSN-FYdJ-49207,M031,S0789,2022-04-30,Repair,1460.79
SV00967,CSN-mvXs-91896,M034,S0176,2023-01-30,Battery Replacement,1937.43
SV00968,CSN-dqBO-34348,M050,S0700,2024-02-23,Routine Maintenance,926.6
SV00969,CSN-namO-56196,M037,S0415,2022-12-11,Tire Change,1561.92
SV00970,CSN-Juww-29866,M036,S0860,2023-06-21,Tire Change,1025.9
SV00971,CSN-RmNV-18556,M013,S0573,2022-06-11,Inspection,757.94
SV00972,CSN-VMmj-05657,M017,S0714,2022-04-17,Battery Replacement,882.86
SV00973,CSN-KFSF-56455,M004,S0329,2024-02-06,Repair,1579.84
SV00974,CSN-KMtM-26220,M018,S0898,2023-01-31,Tire Change,1695.15
SV00975,CSN-Ifdk-81646,M023,S0460,2022-10-04,Inspection,938.96
SV00976,CSN-csDs-64672,M013,S0024,2022-11-20,Battery Replacement,330.82
SV00977,CSN-mINH-22356,M022,S0403,2023-12-04,Repair,1148.76
SV00978,CSN-kNQZ-26842,M009,S0905,2022-06-14,Tire Change,1243.85
SV00979,CSN-aMni-55038,M039,S0075,2022-10-07,Routine Maintenance,1733.77
SV00980,CSN-DUNJ-83886,M048,S0216,2022-08-21,Tire Change,1659.49
SV00981,CSN-iMEO-05208,M018,S0962,2024-03-18,Battery Replacement,1370.29
SV00982,CSN-EShW-93058,M041,S0180,2022-07-23,Repair,1742.42
SV00983,CSN-ktSj-84521,M033,S0165,2023-02-27,Tire Change,1921.18
SV00984,CSN-PsHX-01247,M036,S0146,2022-04-14,Battery Replacement,1682.57
SV00985,CSN-djKP-68347,M024,S0919,2022-09-17,Battery Replacement,1460.99
SV00986,CSN-Jvea-87740,M031,S0689,2023-08-14,Repair,958.7
SV00987,CSN-ywSv-28397,M034,S0909,2023-11-11,Inspection,1644.04
SV00988,CSN-frJQ-42091,M001,S0560,2024-02-12,Routine Maintenance,1862.39
SV00989,CSN-Yywz-40539,M001,S0640,2024-02-18,Routine Maintenance,1624.85
SV00990,CSN-OLsx-14941,M006,S0128,2023-09-28,Inspection,1627.77
SV00991,CSN-GtSK-77213,M005,S0685,2022-04-11,Battery Replacement,654.04
SV00992,CSN-JJXA-19319,M047,S0588,2023-03-27,Tire Change,828.32
SV00993,CSN-fbUR-88967,M027,S0766,2023-10-12,Repair,180.6
SV00994,CSN-QlMP-90300,M013,S0981,2023-08-04,Routine Maintenance,581.59
SV00995,CSN-EgQR-27621,M010,S0757,2023-06-12,Routine Maintenance,1243.8
SV00996,CSN-YJtd-71994,M019,S0767,2022-05-28,Inspection,1035.43
SV00997,CSN-cqGV-59113,M003,S0718,2023-09-24,Inspection,365.45
SV00998,CSN-mvbY-13977,M005,S0778,2022-04-06,Repair,1064.3
SV00999,CSN-Nhym-08664,M021,S0190,2022-05-19,Tire Change,1762.62
SV01000,CSN-gXVq-31149,M025,S0048,2023-10-04,Routine Maintenance,1351.96
SV01001,CSN-YtUi-77457,M012,S0080,2022-08-10,Repair,254.74
SV01002,CSN-oPhd-14342,M030,S0478,2023-08-07,Battery Replacement,1583.41
SV01003,CSN-BuOp-30541,M045,S0856,2022-09-02,Battery Replacement,1486.59
SV01004,CSN-MpEG-70190,M013,S0198,2023-06-29,Tire Change,927.39
SV01005,CSN-BNKi-97012,M019,S0266,2022-07-17,Routine Maintenance,792.51
SV01006,CSN-faTf-58581,M003,S0760,2024-03-03,Routine Maintenance,1396.65
SV01007,CSN-ELKU-91720,M036,S0075,2023-01-16,Routine Maintenance,1410.73
SV01008,CSN-mTXs-89526,M033,S0947,2023-12-15,Inspection,1436.48
SV01009,CSN-Nwcm-22899,M048,S0709,2023-03-05,Repair,1825.9
SV01010,CSN-FDLr-31092,M047,S0974,2022-11-13,Repair,932.37
SV01011,CSN-TziV-07461,M023,S0867,2023-02-07,Tire Change,807.6
SV01012,CSN-vtwd-26817,M019,S0986,2023-10-27,Routine Maintenance,1640.18
SV01013,CSN-fHXI-15187,M008,S0348,2023-02-16,Inspection,731.25
SV01014,CSN-RLIa-39115,M019,S0670,2022-06-29,Tire Change,1732.91
SV01015,CSN-Azcm-58594,M036,S0248,2022-12-25,Tire Change,423.32
SV01016,CSN-DmUu-91696,M026,S0478,2023-04-01,Repair,959.56
SV01017,CSN-mgcP-36693,M016,S0289,2023-05-15,Inspection,901.02
SV01018,CSN-pjzu-08042,M029,S0429,2022-12-31,Inspection,915.57
SV01019,CSN-Uvbn-33088,M030,S0251,2023-07-24,Battery Replacement,1016.15
SV01020,CSN-KWvR-61232,M018,S0363,2023-11-30,Inspection,1582.22
SV01021,CSN-GSaR-17082,M009,S0671,2024-03-24,Repair,560.67
SV01022,CSN-gxtW-13270,M041,S0341,2024-02-10,Repair,1091.34
SV01023,CSN-JhnN-78464,M005,S0676,2022-10-26,Inspection,366.46
SV01024,CSN-HgwO-50486,M019,S0865,2023-11-09,Battery Replacement,1756.13
SV01025,CSN-IhlW-83818,M019,S0587,2022-04-02,Routine Maintenance,241.63
SV01026,CSN-WvJA-79668,M019,S0527,2022-12-26,Routine Maintenance,213.56
SV01027,CSN-tTkT-41629,M049,S0185,2023-05-11,Inspection,1849.65
SV01028,CSN-UytM-58323,M012,S0069,2023-05-26,Repair,777.9
SV01029,CSN-sNrB-44285,M023,S0334,2022-09-19,Tire Change,256.07
SV01030,CSN-jutr-58150,M003,S0873,2024-01-23,Repair,224.56
SV01031,CSN-wdSO-15788,M047,S0141,2023-12-06,Routine Maintenance,1058.92
SV01032,CSN-TrjY-46459,M039,S0495,2022-12-19,Routine Maintenance,566.12
SV01033,CSN-KJGw-33392,M001,S0932,2023-12-13,Inspection,660.37
SV01034,CSN-Prua-75480,M034,S0528,2023-01-15,Tire Change,949.65
SV01035,CSN-UWTw-02533,M049,S0701,2023-11-07,Routine Maintenance,1116.77
SV01036,CSN-MvWk-96032,M001,S0492,2023-04-11,Inspection,1947.5
SV01037,CSN-oRvf-26273,M040,S0765,2022-06-02,Tire Change,1894.49
SV01038,CSN-mPQi-07284,M016,S0654,2024-01-01,Battery Replacement,1658.2
SV01039,CSN-muSX-83658,M036,S0448,2024-02-22,Repair,695.78
SV01040,CSN-zjRL-00170,M040,S0126,2024-02-02,Tire Change,827.15
SV01041,CSN-jUkH-34584,M008,S0034,2022-10-28,Tire Change,1630.79
SV01042,CSN-ttMJ-28091,M034,S0176,2023-09-08,Battery Replacement,715.18
SV01043,CSN-nOWn-63260,M004,S0423,2023-11-27,Inspection,670.81
SV01044,CSN-yXwL-84519,M028,S0040,2023-09-29,Battery Replacement,1058.27
SV01045,CSN-mAIG-99345,M025,S0973,2024-01-09,Battery Replacement,1315.11
SV01046,CSN-RjYS-88312,M010,S0817,2023-03-22,Routine Maintenance,729.53
SV01047,CSN-QKJM-45003,M035,S0053,2022-07-21,Battery Replacement,1709.11
SV01048,CSN-qrML-03332,M009,S0526,2023-01-25,Tire Change,827.25
SV01049,CSN-uiLt-06086,M005,S0656,2024-03-18,Tire Change,1096.74
SV01050,CSN-wjOQ-28466,M023,S0577,2022-03-31,Routine Maintenance,94.31
SV01051,CSN-Hopp-99986,M031,S0576,2022-07-31,Tire Change,1214.8
SV01052,CSN-uhUt-86138,M028,S0775,2023-06-22,Inspection,155.45
SV01053,CSN-VhwD-68385,M017,S0725,2022-11-18,Tire Change,1836.22
SV01054,CSN-opCz-57261,M048,S0004,2023-01-25,Tire Change,1513.92
SV01055,CSN-UVbO-93065,M024,S0896,2024-02-19,Routine Maintenance,80.3
SV01056,CSN-epjM-92989,M048,S0461,2023-04-04,Battery Replacement,1874.75
SV01057,CSN-youy-44100,M023,S0550,2023-03-10,Routine Maintenance,1898.02
SV01058,CSN-Rycf-98963,M029,S0125,2023-03-16,Battery Replacement,201.4
SV01059,CSN-eIpg-43920,M016,S0829,2022-12-07,Repair,1108.96
SV01060,CSN-ilzl-77435,M046,S0095,2023-05-08,Tire Change,774.33
SV01061,CSN-obeh-41871,M023,S0570,2023-09-20,Routine Maintenance,1797.2
SV01062,CSN-jYqz-99848,M026,S0582,2022-10-25,Battery Replacement,614.47
SV01063,CSN-bUZW-27524,M042,S0413,2022-08-21,Inspection,1514.07
SV01064,CSN-iLIK-68576,M031,S0361,2023-07-09,Inspection,1251.21
SV01065,CSN-QKBP-34307,M011,S0377,2022-10-04,Tire Change,980.87
SV01066,CSN-LSqQ-21160,M048,S0131,2022-07-23,Routine Maintenance,1236.36
SV01067,CSN-INcL-78936,M029,S0938,2022-05-20,Tire Change,477.78
SV01068,CSN-cXFi-24313,M047,S0950,2023-12-01,Routine Maintenance,1820.89
SV01069,CSN-FtRZ-93181,M005,S0328,2022-09-13,Inspection,1241.7
SV01070,CSN-CqdP-07985,M025,S0384,2023-08-10,Battery Replacement,741.93
SV01071,CSN-bPvZ-85597,M023,S0769,2023-12-15,Repair,1476.25
SV01072,CSN-BRLW-37994,M035,S0391,2023-12-10,Tire Change,1842.91
SV01073,CSN-VGrH-84979,M020,S0004,2022-05-10,Repair,170.46
SV01074,CSN-FIUA-80095,M021,S0933,2023-10-04,Battery Replacement,1051.77
SV01075,CSN-AZgL-07388,M018,S0800,2023-12-30,Repair,513.87
SV01076,CSN-hKqh-44782,M007,S0026,2024-02-21,Routine Maintenance,1099.19
SV01077,CSN-LYzK-32644,M043,S0622,2023-03-06,Inspection,256.29
SV01078,CSN-UYzO-84479,M009,S0909,2023-05-26,Tire Change,1220.01
SV01079,CSN-lMYL-18586,M021,S0217,2023-06-07,Repair,1232.94
SV01080,CSN-kRCx-08209,M037,S0894,2022-12-09,Tire Change,1850.42
SV01081,CSN-UAVs-37536,M025,S0032,2023-06-11,Battery Replacement,435.99
SV01082,CSN-VLPG-77098,M025,S0782,2022-06-28,Tire Change,472.09
SV01083,CSN-auMO-18346,M049,S0552,2023-05-17,Routine Maintenance,1661.46
SV01084,CSN-GAwJ-00957,M010,S0859,2022-12-15,Battery Replacement,1835.61
SV01085,CSN-Uqum-68785,M003,S0991,2023-10-30,Battery Replacement,193.11
SV01086,CSN-ReGB-72216,M044,S0241,2022-07-03,Battery Replacement,1112.98
SV01087,CSN-qqtN-45692,M019,S0705,2023-12-24,Battery Replacement,682.88
SV01088,CSN-ZTAo-27334,M040,S0453,2023-05-04,Inspection,1726.53
SV01089,CSN-jOiC-55240,M010,S0402,2023-09-21,Inspection,440.56
SV01090,CSN-jSWN-42200,M014,S0945,2024-01-07,Repair,436.31
SV01091,CSN-BfAu-29785,M044,S0506,2022-11-25,Battery Replacement,333.99
SV01092,CSN-RWMB-16514,M029,S0819,2023-11-03,Routine Maintenance,676.5
SV01093,CSN-lomv-83657,M029,S0379,2023-05-17,Inspection,346.7
SV01094,CSN-voMO-32598,M044,S0811,2022-05-06,Repair,1996.16
SV01095,CSN-kitz-49007,M021,S0751,2022-12-31,Repair,582.0
SV01096,CSN-CwbQ-48162,M038,S0855,2023-12-10,Inspection,1972.34
SV01097,CSN-sMoq-28325,M022,S0367,2023-10-30,Tire Change,950.68
SV01098,CSN-JYoZ-26131,M026,S0651,2023-11-02,Inspection,1536.59
SV01099,CSN-aONW-54711,M001,S0930,2022-07-14,Repair,763.55
SV01100,CSN-EPBW-25137,M002,S0054,2022-06-25,Routine Maintenance,1753.59
SV01101,CSN-GPep-25942,M033,S0969,2024-01-27,Inspection,213.82
SV01102,CSN-Melp-51127,M014,S0373,2022-08-22,Battery Replacement,434.11
SV01103,CSN-BEBE-05537,M040,S0213,2023-07-01,Inspection,569.21
SV01104,CSN-tEdS-68828,M021,S0640,2022-12-13,Routine Maintenance,1201.48
SV01105,CSN-fkIf-61659,M039,S0969,2023-12-06,Routine Maintenance,932.16
SV01106,CSN-zuzE-47814,M048,S0501,2022-05-25,Routine Maintenance,1460.96
SV01107,CSN-rmrC-58269,M048,S0637,2023-08-07,Repair,1041.36
SV01108,CSN-tNzm-27515,M044,S0634,2023-08-19,Inspection,1969.03
SV01109,CSN-UDJV-61615,M044,S0235,2022-04-09,Tire Change,337.11
SV01110,CSN-mNwX-21972,M008,S0526,2022-12-13,Inspection,631.94
SV01111,CSN-VALn-91277,M020,S0035,2023-01-03,Inspection,923.03
SV01112,CSN-QCWJ-86588,M012,S0224,2023-03-29,Inspection,1091.67
SV01113,CSN-DyiM-17036,M027,S0754,2022-06-10,Inspection,1194.87
SV01114,CSN-bHKH-00462,M048,S0064,2023-07-30,Inspection,480.26
SV01115,CSN-qvro-89741,M034,S0105,2022-07-03,Tire Change,1299.62
SV01116,CSN-eWaa-95069,M034,S0055,2023-05-13,Repair,522.84
SV01117,CSN-ctbT-64918,M042,S0238,2022-05-29,Repair,722.4
SV01118,CSN-iWeu-15403,M019,S0553,2024-02-27,Tire Change,1025.79
SV01119,CSN-kejf-38682,M026,S0993,2024-03-05,Battery Replacement,235.54
SV01120,CSN-Cdxo-72418,M018,S0268,2023-08-23,Battery Replacement,637.48
SV01121,CSN-lYJC-95254,M044,S0399,2022-11-14,Routine Maintenance,1884.62
SV01122,CSN-gkJs-69420,M047,S0147,2024-01-31,Battery Replacement,584.46
SV01123,CSN-igZb-94465,M030,S0541,2024-03-09,Inspection,1775.86
SV01124,CSN-wpRU-58255,M050,S0784,2023-08-23,Inspection,1724.46
SV01125,CSN-TFWj-04965,M009,S0265,2023-07-05,Tire Change,291.28
SV01126,CSN-WNyj-88457,M043,S0255,2024-03-08,Routine Maintenance,169.09
SV01127,CSN-yfFp-99478,M036,S0328,2024-01-12,Battery Replacement,54.44
SV01128,CSN-sYFz-85655,M015,S0800,2023-02-04,Routine Maintenance,1478.99
SV01129,CSN-vRJb-15196,M022,S0595,2022-09-07,Battery Replacement,1780.98
SV01130,CSN-ZkAF-17679,M047,S0450,2023-05-10,Inspection,266.24
SV01131,CSN-VZwH-87044,M049,S0967,2022-11-19,Repair,1601.45
SV01132,CSN-DZTb-76508,M040,S0073,2022-06-03,Repair,1857.41
SV01133,CSN-bRqx-34448,M042,S0117,2023-06-01,Battery Replacement,1023.09
SV01134,CSN-iMeY-76244,M004,S0851,2024-03-11,Tire Change,1196.01
SV01135,CSN-hsyE-57407,M007,S0034,2023-10-26,Battery Replacement,1680.67
SV01136,CSN-DXoS-59924,M023,S0470,2024-02-19,Tire Change,960.77
SV01137,CSN-ovuA-27561,M006,S0170,2022-08-29,Tire Change,1781.54
SV01138,CSN-HWCZ-80154,M027,S0883,2023-02-22,Repair,1507.89
SV01139,CSN-kvuw-28007,M025,S0631,2023-05-19,Inspection,1349.19
SV01140,CSN-lAfm-18930,M049,S0167,2022-07-09,Tire Change,1073.39
SV01141,CSN-FaYu-29790,M003,S0359,2022-05-10,Inspection,1612.01
SV01142,CSN-wHfi-71853,M036,S0333,2023-09-16,Battery Replacement,1796.17
SV01143,CSN-XZWs-59840,M017,S0219,2023-03-04,Repair,1785.27
SV01144,CSN-uYfZ-94570,M005,S0131,2023-11-04,Battery Replacement,1449.53
SV01145,CSN-EWVA-31765,M011,S0478,2023-06-01,Battery Replacement,1652.51
SV01146,CSN-OTHQ-96880,M037,S0190,2023-12-21,Inspection,727.82
SV01147,CSN-VxOd-53217,M050,S0402,2023-01-18,Battery Replacement,1728.45
SV01148,CSN-wuvS-80230,M043,S0425,2023-04-14,Routine Maintenance,314.51
SV01149,CSN-xDHy-05609,M030,S0722,2024-01-25,Tire Change,621.56
SV01150,CSN-BXjf-17315,M037,S0761,2022-08-02,Inspection,277.16
SV01151,CSN-JFQB-89282,M003,S0918,2022-06-30,Inspection,1452.51
SV01152,CSN-yReT-02598,M017,S0491,2022-10-12,Repair,771.81
SV01153,CSN-rRBc-41354,M046,S0807,2023-02-07,Inspection,914.93
SV01154,CSN-qxTA-92762,M044,S0675,2023-11-30,Tire Change,1582.47
SV01155,CSN-BcdX-62768,M012,S0816,2022-12-05,Repair,1553.49
SV01156,CSN-CNcA-99127,M012,S0356,2024-02-27,Routine Maintenance,500.31
SV01157,CSN-Pfeg-14089,M045,S0474,2023-02-14,Battery Replacement,1425.56
SV01158,CSN-sfWz-04146,M044,S0701,2022-06-08,Routine Maintenance,702.36
SV01159,CSN-nTtP-32021,M023,S0767,2022-10-17,Inspection,1778.75
SV01160,CSN-PBTa-34162,M007,S0859,2022-07-07,Repair,842.24
SV01161,CSN-oQai-10980,M008,S0170,2023-04-27,Inspection,565.78
SV01162,CSN-LFVL-84105,M048,S0524,2022-05-19,Inspection,1436.19
SV01163,CSN-NjyF-21591,M028,S0177,2023-04-21,Routine Maintenance,737.69
SV01164,CSN-piwY-97849,M037,S0575,2023-04-04,Routine Maintenance,534.01
SV01165,CSN-ljic-22771,M047,S0117,2023-08-22,Battery Replacement,425.77
SV01166,CSN-ypuL-36719,M007,S0635,2023-09-08,Routine Maintenance,1275.76
SV01167,CSN-pzNa-78344,M027,S0600,2024-03-09,Battery Replacement,1288.06
SV01168,CSN-hqCx-22335,M014,S0976,2023-03-19,Repair,209.05
SV01169,CSN-LOOI-93374,M034,S0846,2023-06-24,Battery Replacement,1682.73
SV01170,CSN-QSOy-67884,M001,S0415,2022-10-17,Routine Maintenance,721.58
SV01171,CSN-LAJC-32449,M037,S0008,2022-09-02,Tire Change,1761.43
SV01172,CSN-ttAq-10197,M015,S0844,2022-12-24,Battery Replacement,91.98
SV01173,CSN-oUDN-11235,M017,S0930,2022-04-23,Inspection,1218.77
SV01174,CSN-nZDB-14001,M011,S0149,2023-07-13,Inspection,628.89
SV01175,CSN-gHRR-21566,M049,S0681,2022-05-06,Inspection,1360.51
SV01176,CSN-bFss-85983,M044,S0196,2023-09-25,Inspection,1890.57
SV01177,CSN-qyHs-49170,M049,S0461,2022-07-28,Routine Maintenance,293.32
SV01178,CSN-qaog-71095,M027,S0080,2023-05-26,Routine Maintenance,830.59
SV01179,CSN-wrDs-42762,M013,S0596,2022-06-29,Inspection,729.8
SV01180,CSN-tKHP-12273,M006,S0620,2022-05-15,Battery Replacement,1841.97
SV01181,CSN-YHzG-40367,M023,S0272,2023-05-15,Repair,829.4
SV01182,CSN-TvSd-03388,M006,S0941,2022-08-13,Inspection,1624.22
SV01183,CSN-zqcv-90298,M033,S0778,2023-12-02,Repair,622.72
SV01184,CSN-WYyx-32021,M017,S0558,2024-03-04,Battery Replacement,1414.58
SV01185,CSN-QTyN-64446,M016,S0771,2022-11-11,Inspection,689.7
SV01186,CSN-HoMw-05471,M022,S0830,2024-01-08,Inspection,1516.16
SV01187,CSN-ptcM-67685,M028,S0508,2022-05-25,Tire Change,1278.09
SV01188,CSN-HVqU-62352,M015,S0584,2023-01-15,Battery Replacement,1745.87
SV01189,CSN-TNSH-54884,M042,S0527,2023-04-30,Inspection,1892.44
SV01190,CSN-bdsj-14600,M033,S0475,2023-08-08,Battery Replacement,1478.93
SV01191,CSN-IFhp-64155,M004,S0859,2022-04-07,Routine Maintenance,1950.29
SV01192,CSN-CIfj-28101,M045,S0232,2023-03-08,Inspection,690.6
SV01193,CSN-TuLA-92888,M039,S0274,2023-06-06,Tire Change,114.41
SV01194,CSN-OiFA-83199,M014,S0607,2023-07-28,Inspection,1387.74
SV01195,CSN-yexy-90953,M024,S0109,2022-11-15,Inspection,61.96
SV01196,CSN-dUUw-08994,M001,S0720,2023-04-06,Routine Maintenance,1915.03
SV01197,CSN-FKcL-12881,M021,S0020,2023-08-05,Tire Change,790.44
SV01198,CSN-OOZE-41408,M041,S0710,2022-05-11,Inspection,1470.94
SV01199,CSN-cWpx-61292,M030,S0803,2022-05-10,Repair,413.97
SV01200,CSN-rHKy-84072,M007,S0242,2023-04-27,Battery Replacement,1865.68
SV01201,CSN-Dwzv-41325,M021,S0102,2022-08-29,Battery Replacement,1966.12
SV01202,CSN-hCRN-27408,M005,S0456,2023-12-29,Inspection,1463.8
SV01203,CSN-uNch-58677,M022,S0068,2023-01-24,Routine Maintenance,1237.67
SV01204,CSN-DGTn-17200,M017,S0662,2023-05-14,Repair,250.45
SV01205,CSN-uUkQ-88179,M012,S0087,2022-05-02,Routine Maintenance,1342.7
SV01206,CSN-mwRX-91507,M008,S0178,2022-11-12,Battery Replacement,175.84
SV01207,CSN-bwip-01030,M048,S0150,2023-03-15,Routine Maintenance,764.58
SV01208,CSN-soGT-35802,M046,S0157,2022-09-14,Repair,964.38
SV01209,CSN-GZeC-51088,M018,S0033,2023-01-14,Repair,1513.98
SV01210,CSN-QQfM-16606,M009,S0628,2022-04-16,Routine Maintenance,643.42
SV01211,CSN-XuOk-48145,M028,S0928,2024-02-12,Repair,738.44
SV01212,CSN-GXNA-84318,M034,S0075,2023-02-15,Inspection,764.74
SV01213,CSN-PPEJ-15401,M048,S0062,2022-05-30,Inspection,404.78
SV01214,CSN-xCmg-51870,M013,S0955,2022-11-11,Repair,1328.16
SV01215,CSN-DGPl-84590,M002,S0747,2023-08-31,Tire Change,1225.54
SV01216,CSN-kSHO-92747,M033,S0370,2022-10-05,Battery Replacement,1297.1
SV01217,CSN-HbMp-18848,M028,S0258,2023-09-07,Inspection,636.46
SV01218,CSN-iJXg-81766,M035,S0838,2022-11-30,Repair,225.71
SV01219,CSN-QcdB-23224,M044,S0678,2022-05-25,Routine Maintenance,1757.19
SV01220,CSN-amjJ-68890,M015,S0357,2023-10-16,Tire Change,172.88
SV01221,CSN-KUzq-67291,M022,S0144,2023-09-19,Tire Change,1092.12
SV01222,CSN-yDKh-41710,M038,S0513,2023-05-24,Routine Maintenance,478.51
SV01223,CSN-Jsql-38662,M006,S0444,2024-02-13,Tire Change,99.16
SV01224,CSN-lEWB-66965,M006,S0360,2023-06-26,Repair,267.56
SV01225,CSN-rpnN-89609,M047,S0196,2022-09-03,Repair,1705.34
SV01226,CSN-wJaS-48946,M007,S0931,2024-02-19,Routine Maintenance,459.08
SV01227,CSN-Luyc-60906,M045,S0334,2022-11-20,Battery Replacement,1392.29
SV01228,CSN-ylzl-57362,M012,S0943,2023-06-05,Tire Change,795.73
SV01229,CSN-kcad-26087,M022,S0143,2022-07-25,Repair,1533.48
SV01230,CSN-wQVx-96845,M020,S0045,2022-11-08,Inspection,745.9
SV01231,CSN-TDen-02575,M018,S0700,2023-08-23,Inspection,1992.41
SV01232,CSN-rtRl-07531,M045,S0439,2022-08-05,Battery Replacement,1887.08
SV01233,CSN-xEpG-51004,M047,S0514,2024-03-08,Inspection,519.32
SV01234,CSN-YYyp-95069,M044,S0587,2023-02-27,Repair,110.03
SV01235,CSN-uwjj-01971,M039,S0222,2023-03-05,Repair,855.58
SV01236,CSN-RVqt-75598,M024,S0875,2023-12-12,Tire Change,1453.41
SV01237,CSN-PbBP-18966,M022,S0935,2023-10-10,Battery Replacement,1581.29
SV01238,CSN-UNON-26465,M012,S0004,2023-03-15,Inspection,936.22
SV01239,CSN-Sybl-76190,M039,S0430,2023-02-15,Repair,1868.89
SV01240,CSN-Qwmv-80317,M009,S0334,2024-01-09,Inspection,229.9
SV01241,CSN-yLDV-63629,M049,S0575,2022-10-02,Repair,62.03
SV01242,CSN-pyDi-25241,M038,S0257,2022-04-11,Inspection,1670.19
SV01243,CSN-DqLi-48404,M033,S0304,2022-07-25,Tire Change,595.76
SV01244,CSN-UbTE-35877,M046,S0427,2024-02-10,Repair,59.49
SV01245,CSN-NjTZ-26800,M013,S0551,2023-07-06,Routine Maintenance,452.42
SV01246,CSN-CUyA-77053,M028,S0976,2023-12-12,Battery Replacement,466.4
SV01247,CSN-CPql-27260,M049,S0737,2023-06-05,Inspection,1466.35
SV01248,CSN-bNYe-86731,M047,S0387,2023-01-24,Repair,681.63
SV01249,CSN-Luma-19602,M047,S0555,2022-05-06,Tire Change,1829.61
SV01250,CSN-yvKT-81054,M024,S0295,2022-05-04,Repair,1703.94
SV01251,CSN-knAK-50607,M028,S0809,2023-04-17,Battery Replacement,494.18
SV01252,CSN-FHQb-51816,M042,S0949,2022-11-10,Battery Replacement,1878.83
SV01253,CSN-xSVl-25105,M006,S0132,2022-04-14,Tire Change,1528.29
SV01254,CSN-WFUw-30689,M046,S0097,2023-10-10,Repair,997.79
SV01255,CSN-tbgw-39600,M022,S0054,2023-12-15,Repair,444.25
SV01256,CSN-eBDf-65374,M026,S0725,2022-06-18,Repair,1823.87
SV01257,CSN-MKpe-47237,M008,S0777,2023-06-03,Inspection,1463.82
SV01258,CSN-TrKI-93189,M004,S0540,2022-10-09,Inspection,1883.98
SV01259,CSN-TLBg-49686,M050,S0288,2022-12-05,Repair,501.18
SV01260,CSN-xifk-16213,M019,S0998,2023-08-12,Tire Change,362.46
SV01261,CSN-OMrp-20528,M001,S0283,2023-08-12,Battery Replacement,1492.91
SV01262,CSN-kokW-07307,M044,S0036,2023-11-02,Inspection,446.68
SV01263,CSN-oIHM-54974,M002,S0782,2022-12-08,Tire Change,102.14
SV01264,CSN-rhmE-13036,M020,S0446,2022-04-11,Battery Replacement,254.11
SV01265,CSN-PlOW-59461,M030,S0462,2023-03-13,Inspection,198.71
SV01266,CSN-yEnX-31301,M044,S0509,2022-11-24,Tire Change,329.64
SV01267,CSN-QgZT-06498,M025,S0039,2023-07-08,Tire Change,1008.4
SV01268,CSN-GHEN-60621,M003,S0505,2023-01-27,Battery Replacement,295.8
SV01269,CSN-YKbe-68808,M024,S0339,2024-01-22,Repair,301.82
SV01270,CSN-lYvR-97058,M026,S0407,2023-11-27,Repair,1812.99
SV01271,CSN-prai-93861,M050,S0469,2023-08-20,Tire Change,772.38
SV01272,CSN-dGxQ-95904,M007,S0555,2024-03-05,Repair,1556.52
SV01273,CSN-beAf-91228,M019,S0157,2023-02-25,Routine Maintenance,1435.52
SV01274,CSN-lmfY-03903,M020,S0293,2023-07-14,Tire Change,565.97
SV01275,CSN-YlEH-88805,M026,S0782,2023-11-18,Inspection,1087.94
SV01276,CSN-EmpJ-50949,M015,S0258,2023-10-08,Tire Change,1037.03
SV01277,CSN-tlEp-09559,M018,S0341,2023-06-06,Battery Replacement,1828.12
SV01278,CSN-BtNQ-27782,M023,S0366,2023-01-11,Tire Change,93.32
SV01279,CSN-Zwmb-90921,M025,S0059,2022-12-27,Routine Maintenance,745.26
SV01280,CSN-dqkm-31047,M011,S0980,2024-01-13,Repair,1064.15
SV01281,CSN-BkDL-61973,M027,S0575,2023-09-02,Routine Maintenance,447.85
SV01282,CSN-EUIc-00253,M029,S0272,2023-05-25,Routine Maintenance,1408.47
SV01283,CSN-DTtH-23097,M033,S0018,2022-09-21,Inspection,401.69
SV01284,CSN-dJFj-86498,M046,S0139,2022-09-14,Battery Replacement,1820.54
SV01285,CSN-pnab-63464,M016,S0191,2023-04-28,Battery Replacement,742.13
SV01286,CSN-jqte-89523,M049,S0714,2023-06-19,Tire Change,1129.88
SV01287,CSN-rrJS-29645,M037,S0327,2023-02-27,Routine Maintenance,631.5
SV01288,CSN-EgaX-26918,M050,S0358,2022-08-29,Repair,276.39
SV01289,CSN-xSIF-38493,M007,S0189,2023-05-12,Repair,1894.62
SV01290,CSN-cKEo-29710,M007,S0548,2024-03-18,Routine Maintenance,1130.22
SV01291,CSN-YDxD-15150,M038,S0143,2022-11-02,Battery Replacement,1140.5
SV01292,CSN-hCas-08726,M008,S0681,2023-10-24,Tire Change,263.35
SV01293,CSN-suKB-13537,M048,S0482,2023-08-31,Battery Replacement,1777.12
SV01294,CSN-DXJM-88898,M049,S0554,2022-07-21,Inspection,306.35
SV01295,CSN-HZwS-69460,M037,S0986,2023-04-22,Repair,1718.09
SV01296,CSN-iglI-14614,M031,S0782,2024-01-09,Repair,150.8
SV01297,CSN-kkbw-95701,M012,S0356,2024-03-27,Routine Maintenance,1771.27
SV01298,CSN-nFOH-27127,M042,S0985,2024-03-13,Repair,291.64
SV01299,CSN-APfE-64980,M045,S0743,2023-08-09,Routine Maintenance,692.95
SV01300,CSN-gcHW-89404,M012,S0303,2023-11-19,Battery Replacement,1473.09
SV01301,CSN-oMee-36662,M002,S0200,2023-12-28,Tire Change,527.15
SV01302,CSN-rxyH-88293,M014,S0557,2022-05-28,Repair,983.42
SV01303,CSN-YaXn-76837,M033,S0711,2023-12-04,Routine Maintenance,82.14
SV01304,CSN-nFWw-62379,M020,S0711,2023-06-13,Routine Maintenance,1372.54
SV01305,CSN-nOKV-70054,M005,S0285,2024-01-20,Inspection,240.06
SV01306,CSN-waGo-07769,M031,S0045,2023-07-24,Inspection,837.64
SV01307,CSN-ZBkJ-81613,M006,S0677,2022-05-29,Repair,1860.19
SV01308,CSN-RDzv-86412,M020,S0851,2024-01-11,Battery Replacement,503.58
SV01309,CSN-Zefo-44997,M014,S0766,2023-03-30,Routine Maintenance,784.1
SV01310,CSN-CaGb-71922,M002,S0445,2023-02-07,Inspection,342.26
SV01311,CSN-bTer-25758,M037,S0633,2023-04-29,Routine Maintenance,1885.0
SV01312,CSN-ldPk-85347,M005,S0710,2022-06-29,Tire Change,1893.7
SV01313,CSN-xfQX-73274,M043,S0419,2023-12-14,Inspection,582.96
SV01314,CSN-WaNX-32683,M031,S0066,2022-12-11,Routine Maintenance,994.46
SV01315,CSN-aFoE-16436,M019,S0502,2023-04-05,Repair,705.98
SV01316,CSN-XUiA-98094,M046,S0007,2023-12-18,Tire Change,222.93
SV01317,CSN-Eagf-41768,M026,S0104,2022-06-01,Routine Maintenance,1878.68
SV01318,CSN-uYLp-67781,M008,S0912,2024-02-05,Tire Change,1192.1
SV01319,CSN-bbVv-36410,M003,S0494,2023-08-12,Inspection,1347.16
SV01320,CSN-Rioo-72736,M016,S0923,2023-10-06,Tire Change,498.94
SV01321,CSN-nSDv-58125,M049,S0442,2023-02-11,Tire Change,91.94
SV01322,CSN-lgZl-80816,M007,S0407,2022-05-26,Repair,990.07
SV01323,CSN-RKbg-10690,M018,S0052,2024-01-16,Routine Maintenance,1310.93
SV01324,CSN-rCRI-98034,M002,S0621,2023-07-31,Repair,935.46
SV01325,CSN-yvDU-59415,M004,S0224,2023-05-06,Inspection,1047.19
SV01326,CSN-nXCZ-22228,M037,S0869,2023-12-03,Inspection,1083.71
SV01327,CSN-VplL-77661,M042,S0989,2023-11-30,Battery Replacement,1378.91
SV01328,CSN-Trmc-13762,M001,S0754,2023-07-01,Inspection,603.72
SV01329,CSN-XMvb-81857,M035,S0792,2023-09-21,Inspection,1250.81
SV01330,CSN-cOEO-73477,M005,S0816,2022-09-23,Battery Replacement,813.52
SV01331,CSN-kjUT-75412,M022,S0189,2022-06-05,Tire Change,1598.14
SV01332,CSN-cZot-11328,M001,S0117,2022-06-24,Tire Change,1027.89
SV01333,CSN-nyaa-45196,M038,S0992,2022-04-26,Tire Change,1111.53
SV01334,CSN-qrfl-19058,M031,S0312,2022-06-26,Tire Change,924.06
SV01335,CSN-xbdG-63602,M050,S0346,2023-10-25,Routine Maintenance,524.03
SV01336,CSN-mVoO-19000,M028,S0290,2024-03-16,Routine Maintenance,530.82
SV01337,CSN-AZpG-63725,M046,S0355,2024-02-16,Repair,225.21
SV01338,CSN-pyUr-12610,M039,S0737,2023-09-22,Tire Change,1750.14
SV01339,CSN-cxDr-65551,M012,S0004,2023-01-17,Routine Maintenance,1881.49
SV01340,CSN-CpzN-29982,M047,S0323,2022-11-24,Battery Replacement,1309.0
SV01341,CSN-OdFN-34775,M009,S0106,2022-07-01,Battery Replacement,292.36
SV01342,CSN-IpXg-21324,M011,S0067,2023-12-03,Routine Maintenance,1808.24
SV01343,CSN-Bwcp-55180,M027,S0419,2022-04-05,Inspection,959.7
SV01344,CSN-Cumu-56514,M004,S0404,2022-09-24,Repair,1639.08
SV01345,CSN-zrPM-11098,M003,S0815,2023-12-26,Routine Maintenance,1772.23
SV01346,CSN-zdUH-74782,M015,S0498,2023-02-26,Battery Replacement,1148.82
SV01347,CSN-MPeJ-00856,M009,S0945,2023-02-03,Inspection,1602.94
SV01348,CSN-WXcV-67075,M049,S0486,2022-06-09,Routine Maintenance,344.03
SV01349,CSN-YiUd-23587,M025,S0288,2022-10-28,Battery Replacement,1678.54
SV01350,CSN-uMqL-27157,M026,S0243,2023-04-02,Repair,1951.59
SV01351,CSN-oTmR-09956,M017,S0147,2023-02-21,Repair,151.85
SV01352,CSN-mrpM-93052,M027,S0512,2023-02-20,Tire Change,1059.84
SV01353,CSN-Zonr-99084,M047,S0801,2022-04-11,Inspection,863.59
SV01354,CSN-HRYe-14562,M016,S0007,2022-06-07,Routine Maintenance,553.87
SV01355,CSN-ikKC-91672,M032,S0305,2022-04-26,Repair,1292.5
SV01356,CSN-tNDU-73618,M001,S0394,2023-10-16,Tire Change,1244.26
SV01357,CSN-abkv-15354,M007,S0495,2023-04-10,Tire Change,1808.7
SV01358,CSN-gjoz-78821,M023,S0512,2023-03-12,Inspection,1873.51
SV01359,CSN-qKnF-26753,M027,S0009,2022-12-04,Tire Change,83.09
SV01360,CSN-byUO-95039,M046,S0079,2022-11-13,Inspection,711.73
SV01361,CSN-IPEu-31485,M040,S0808,2023-12-26,Battery Replacement,1391.53
SV01362,CSN-ScwM-54224,M015,S0715,2023-12-21,Battery Replacement,846.9
SV01363,CSN-lqrS-26393,M030,S0487,2024-02-10,Inspection,1812.71
SV01364,CSN-IiYK-08205,M041,S0264,2023-05-19,Inspection,126.47
SV01365,CSN-hxqk-78410,M013,S0748,2022-04-02,Inspection,346.62
SV01366,CSN-qNzt-23299,M026,S0547,2022-07-01,Repair,269.66
SV01367,CSN-wVhf-57887,M010,S0026,2022-05-16,Tire Change,780.98
SV01368,CSN-wrwo-30881,M017,S0692,2024-03-03,Battery Replacement,1198.5
SV01369,CSN-kWAg-33287,M006,S0202,2022-07-31,Tire Change,559.56
SV01370,CSN-dOZw-63550,M040,S0807,2022-08-14,Battery Replacement,843.26
SV01371,CSN-QHRO-26771,M020,S0464,2022-05-10,Tire Change,731.89
SV01372,CSN-DKhc-24671,M023,S0933,2022-04-18,Repair,1996.43
SV01373,CSN-DmQA-57012,M019,S0007,2023-05-09,Routine Maintenance,1485.85
SV01374,CSN-KRyX-65379,M025,S0867,2023-05-19,Battery Replacement,117.52
SV01375,CSN-IWtH-95221,M020,S0882,2023-06-16,Inspection,1824.37
SV01376,CSN-qgdi-01498,M027,S0907,2023-02-09,Battery Replacement,611.82
SV01377,CSN-GdnZ-64123,M029,S0380,2023-09-11,Battery Replacement,733.48
SV01378,CSN-mTsL-71270,M005,S0817,2024-03-24,Tire Change,731.1
SV01379,CSN-qjDY-47298,M050,S0678,2023-03-28,Repair,959.45
SV01380,CSN-FlZw-87128,M036,S0428,2023-06-15,Tire Change,342.71
SV01381,CSN-hKlt-85215,M023,S0836,2024-02-13,Tire Change,874.29
SV01382,CSN-Eymd-97169,M038,S0021,2024-01-20,Inspection,206.16
SV01383,CSN-oNYj-28799,M019,S0148,2022-06-18,Repair,587.13
SV01384,CSN-qhnK-77136,M033,S0370,2024-01-01,Inspection,777.17
SV01385,CSN-ziKL-59057,M004,S0705,2023-04-10,Repair,152.1
SV01386,CSN-eRtw-73446,M048,S0224,2022-11-21,Repair,1150.24
SV01387,CSN-jLiC-64523,M011,S0717,2022-12-09,Routine Maintenance,1695.65
SV01388,CSN-gNSN-05676,M001,S0367,2022-06-21,Tire Change,744.26
SV01389,CSN-xCgY-78936,M042,S0956,2023-12-24,Battery Replacement,144.85
SV01390,CSN-Fdun-86503,M015,S0640,2023-08-14,Repair,1748.62
SV01391,CSN-sGvi-75074,M003,S0812,2023-05-29,Inspection,1366.46
SV01392,CSN-jSyJ-45029,M016,S0544,2023-05-19,Battery Replacement,1241.52
SV01393,CSN-iHYw-28595,M002,S0278,2022-04-23,Repair,529.89
SV01394,CSN-Maul-43202,M001,S0832,2024-03-09,Tire Change,697.7
SV01395,CSN-ExCY-52834,M028,S0843,2023-11-20,Repair,608.94
SV01396,CSN-hGcp-42381,M049,S0876,2024-03-14,Battery Replacement,1992.9
SV01397,CSN-bYMX-77436,M049,S0283,2023-10-03,Battery Replacement,207.66
SV01398,CSN-QzOF-75881,M021,S0179,2023-05-01,Inspection,177.39
SV01399,CSN-muMI-96068,M011,S0433,2023-03-06,Battery Replacement,842.71
SV01400,CSN-sVpq-24354,M038,S0451,2022-06-21,Inspection,1506.21
SV01401,CSN-tMdH-12159,M031,S0406,2022-06-01,Tire Change,558.92
SV01402,CSN-jmTG-84264,M021,S0689,2023-08-24,Tire Change,1099.78
SV01403,CSN-LpCE-34113,M042,S0793,2022-06-20,Battery Replacement,1275.3
SV01404,CSN-AQlI-78751,M047,S0125,2024-02-16,Tire Change,133.03
SV01405,CSN-MUog-95430,M037,S0963,2022-10-15,Battery Replacement,1357.28
SV01406,CSN-IGHd-80487,M046,S0293,2023-02-20,Inspection,1940.34
SV01407,CSN-MjCz-83643,M027,S0521,2022-05-14,Routine Maintenance,418.99
SV01408,CSN-oLYh-53034,M038,S0250,2023-01-17,Inspection,118.57
SV01409,CSN-IgIx-66743,M048,S0789,2024-01-28,Tire Change,73.0
SV01410,CSN-dDGN-81565,M039,S0961,2024-01-05,Tire Change,1718.54
SV01411,CSN-wUTC-20497,M013,S0347,2024-03-18,Routine Maintenance,1881.31
SV01412,CSN-QFsY-65850,M004,S0194,2022-08-30,Battery Replacement,1829.57
SV01413,CSN-JXwv-85620,M022,S0163,2023-09-20,Inspection,224.94
SV01414,CSN-OxMb-95134,M011,S0144,2023-07-31,Inspection,1630.04
SV01415,CSN-ANZZ-04953,M044,S0391,2023-06-09,Repair,1983.52
SV01416,CSN-kdqS-55497,M032,S0788,2022-11-03,Repair,994.28
SV01417,CSN-znHz-76167,M005,S0080,2023-10-25,Tire Change,1504.82
SV01418,CSN-QdIp-29232,M023,S0566,2023-08-13,Inspection,1117.0
SV01419,CSN-lDRc-66311,M032,S0025,2022-07-09,Routine Maintenance,61.52
SV01420,CSN-Jjqj-19717,M008,S0240,2023-06-20,Tire Change,1913.66
SV01421,CSN-eSgS-81733,M007,S0034,2023-05-29,Battery Replacement,1326.2
SV01422,CSN-XYrd-34492,M034,S0885,2023-04-18,Repair,1503.93
SV01423,CSN-itpb-96806,M046,S0997,2022-09-19,Inspection,519.59
SV01424,CSN-hQBp-02124,M030,S0331,2023-01-22,Tire Change,1155.26
SV01425,CSN-ACrl-62670,M008,S0674,2022-06-21,Battery Replacement,1247.24
SV01426,CSN-ynqB-72510,M018,S0964,2022-12-13,Repair,1421.97
SV01427,CSN-sQwR-39157,M037,S0228,2022-04-20,Inspection,1874.47
SV01428,CSN-nInJ-55447,M010,S0377,2024-03-28,Tire Change,154.96
SV01429,CSN-Sevt-30677,M040,S0598,2023-10-16,Routine Maintenance,348.06
SV01430,CSN-UHgP-41361,M011,S0285,2023-09-24,Battery Replacement,1957.99
SV01431,CSN-iMcq-02092,M016,S0810,2022-11-21,Routine Maintenance,1833.34
SV01432,CSN-uMhJ-45000,M050,S0563,2023-07-16,Inspection,1803.26
SV01433,CSN-BYpw-51730,M036,S0919,2023-05-17,Routine Maintenance,1711.41
SV01434,CSN-EBbI-46381,M048,S0718,2022-08-29,Tire Change,873.85
SV01435,CSN-vfjh-06852,M036,S0108,2023-12-05,Repair,1711.81
SV01436,CSN-MgKt-89608,M001,S0367,2023-03-24,Routine Maintenance,1790.26
SV01437,CSN-lCdh-80707,M047,S0103,2023-08-29,Routine Maintenance,1391.47
SV01438,CSN-MrxW-15332,M028,S0336,2022-08-15,Battery Replacement,1359.19
SV01439,CSN-AFzZ-39630,M030,S0761,2023-01-18,Battery Replacement,1187.48
SV01440,CSN-IRZm-98266,M010,S0777,2022-09-14,Inspection,357.14
SV01441,CSN-QJJA-14606,M035,S0866,2022-11-17,Battery Replacement,882.84
SV01442,CSN-DAvW-45021,M020,S0172,2023-09-11,Repair,1974.07
SV01443,CSN-Ccig-03895,M016,S0112,2022-08-21,Routine Maintenance,1010.5
SV01444,CSN-aYmS-84714,M048,S0370,2022-07-30,Tire Change,729.78
SV01445,CSN-Wope-98212,M019,S0648,2023-11-23,Inspection,1531.79
SV01446,CSN-PDAq-71959,M016,S0602,2023-07-18,Tire Change,1558.8
SV01447,CSN-dcwA-81094,M050,S0180,2023-02-22,Tire Change,1438.18
SV01448,CSN-GmKo-75411,M049,S0718,2023-04-06,Battery Replacement,1626.88
SV01449,CSN-KLLC-03585,M019,S0680,2023-05-25,Repair,1045.7
SV01450,CSN-KUOR-34176,M038,S0042,2023-12-10,Inspection,1510.65
SV01451,CSN-EuKq-62206,M049,S0237,2022-11-22,Inspection,941.43
SV01452,CSN-qStq-78487,M017,S0523,2022-11-14,Inspection,1322.91
SV01453,CSN-zhEB-24299,M015,S0409,2022-07-03,Battery Replacement,1907.57
SV01454,CSN-ITON-41527,M017,S0248,2022-05-01,Repair,88.98
SV01455,CSN-XWPg-12793,M029,S0796,2022-10-03,Battery Replacement,1835.29
SV01456,CSN-OTMM-54610,M039,S0056,2023-01-25,Battery Replacement,1816.64
SV01457,CSN-XfXM-01395,M046,S0976,2024-01-27,Battery Replacement,934.08
SV01458,CSN-jKyd-61910,M012,S0043,2022-07-02,Battery Replacement,1372.74
SV01459,CSN-kHEB-68923,M048,S0107,2023-02-07,Tire Change,115.81
SV01460,CSN-oGLB-47294,M036,S0523,2023-04-17,Tire Change,1754.78
SV01461,CSN-kEun-89068,M010,S0008,2023-11-08,Repair,460.18
SV01462,CSN-XRCP-48723,M027,S0409,2023-01-20,Battery Replacement,371.65
SV01463,CSN-eQgS-92363,M022,S0118,2023-08-10,Repair,1365.68
SV01464,CSN-oZOS-23349,M040,S0496,2022-07-28,Repair,571.45
SV01465,CSN-agax-42916,M044,S0598,2022-07-29,Routine Maintenance,1734.53
SV01466,CSN-xsce-92120,M029,S0278,2022-06-22,Repair,1546.51
SV01467,CSN-UpUT-37008,M040,S0260,2024-01-29,Inspection,1527.88
SV01468,CSN-bQCS-97532,M016,S0094,2022-12-11,Repair,759.87
SV01469,CSN-rpil-83505,M001,S0895,2022-12-18,Tire Change,277.56
SV01470,CSN-Ypch-98831,M039,S0422,2024-03-23,Routine Maintenance,1533.58
SV01471,CSN-VMjG-18385,M004,S0727,2023-06-07,Battery Replacement,861.58
SV01472,CSN-vGeW-63386,M023,S0435,2024-02-14,Routine Maintenance,1964.15
SV01473,CSN-Fegz-62983,M025,S0997,2023-09-22,Tire Change,1630.3
SV01474,CSN-itOC-77520,M032,S0667,2023-09-23,Inspection,1029.47
SV01475,CSN-zKFJ-03942,M029,S0625,2023-03-30,Inspection,472.76
SV01476,CSN-khOF-52507,M002,S0393,2023-12-22,Repair,192.28
SV01477,CSN-OIEn-66293,M001,S0138,2023-01-21,Tire Change,232.78
SV01478,CSN-UYGM-09459,M031,S0171,2024-02-11,Tire Change,188.11
SV01479,CSN-vKax-23705,M011,S0134,2023-11-16,Tire Change,327.65
SV01480,CSN-zBXc-70800,M032,S0911,2024-03-23,Routine Maintenance,199.52
SV01481,CSN-UPyC-82434,M013,S0644,2022-05-23,Repair,1745.0
SV01482,CSN-sYMN-82353,M036,S0387,2022-04-17,Battery Replacement,1012.56
SV01483,CSN-gTYv-32633,M026,S0245,2022-12-13,Repair,1314.19
SV01484,CSN-BXXc-69337,M039,S0699,2023-01-02,Inspection,979.57
SV01485,CSN-Nzzp-64201,M042,S0643,2022-11-21,Inspection,396.83
SV01486,CSN-phPa-94087,M031,S0630,2023-03-12,Repair,929.65
SV01487,CSN-hbSh-97744,M027,S0226,2023-12-30,Inspection,604.1
SV01488,CSN-luCE-75642,M006,S0609,2022-12-02,Routine Maintenance,364.85
SV01489,CSN-ZQHp-72925,M043,S0273,2023-09-13,Repair,1201.73
SV01490,CSN-sLRC-33715,M011,S0442,2023-06-10,Tire Change,1187.17
SV01491,CSN-CRZr-00068,M002,S0309,2022-07-10,Tire Change,1950.77
SV01492,CSN-ZUMj-00307,M043,S0278,2023-04-05,Inspection,1657.9
SV01493,CSN-qnyz-56771,M029,S0765,2023-11-14,Inspection,1663.95
SV01494,CSN-qBrO-16253,M022,S0817,2023-05-30,Routine Maintenance,1650.89
SV01495,CSN-uLZx-54789,M015,S0508,2023-06-21,Repair,1326.6
SV01496,CSN-WTkP-15757,M017,S0788,2022-11-28,Inspection,364.79
SV01497,CSN-KflS-30019,M036,S0252,2022-03-30,Routine Maintenance,1967.82
SV01498,CSN-gTJT-55592,M023,S0276,2023-10-04,Routine Maintenance,1249.71
SV01499,CSN-ieZI-51729,M003,S0455,2023-01-12,Repair,1916.63
SV01500,CSN-dOQQ-96712,M033,S0523,2022-06-26,Inspection,1526.79
